frame,cx,cy,x1,y1,x2,y2,conf
0,550,322,501,205,599,439,0.7507026791572571
0,472,308,442,198,503,419,0.7233235836029053
0,659,280,622,184,697,376,0.6890466213226318
0,771,346,724,235,818,458,0.6655933260917664
0,342,576,235,438,450,715,0.5220890045166016
0,590,250,554,161,627,340,0.37296777963638306
1,548,325,501,213,595,437,0.7294623851776123
1,660,281,622,186,699,376,0.7006384134292603
1,473,309,442,198,504,421,0.6970906853675842
1,772,354,724,237,820,472,0.6880674958229065
1,336,577,234,439,439,715,0.5127825140953064
1,590,253,554,162,627,344,0.498317688703537
2,769,359,722,240,816,478,0.7345304489135742
2,472,309,441,198,503,421,0.7286661863327026
2,544,324,499,215,590,434,0.7231081128120422
2,659,283,622,188,697,378,0.6733341813087463
2,590,252,554,158,627,346,0.6055524349212646
2,305,577,224,441,387,714,0.5518061518669128
3,770,368,721,243,819,493,0.7699454426765442
3,541,325,497,218,585,432,0.7566378116607666
3,470,309,440,198,500,420,0.7560345530509949
3,318,578,218,441,419,716,0.7179704904556274
3,660,290,619,189,701,391,0.7091999650001526
3,590,255,554,162,626,348,0.5612367391586304
4,772,371,721,248,824,495,0.7659774422645569
4,537,323,495,215,579,431,0.7593896389007568
4,469,309,440,198,498,420,0.7516250014305115
4,659,288,620,189,699,388,0.7017956972122192
4,308,580,206,445,410,716,0.6873024702072144
4,590,256,553,160,628,352,0.6121829152107239
4,124,284,85,185,163,383,0.3537878692150116
5,773,373,723,250,823,496,0.81329345703125
5,467,308,439,197,496,420,0.74391108751297
5,531,317,491,205,571,429,0.717965841293335
5,659,282,620,189,698,376,0.6670915484428406
5,589,257,553,162,625,353,0.6607760787010193
5,300,581,198,449,403,714,0.6414230465888977
6,772,374,722,252,823,497,0.799241840839386
6,526,318,490,207,563,429,0.7128010988235474
6,588,258,553,162,624,354,0.6811338067054749
6,661,289,622,189,700,390,0.6804274916648865
6,465,308,436,197,495,420,0.6263723969459534
6,289,583,184,455,394,712,0.42433062195777893
6,740,247,700,176,781,319,0.3827853202819824
7,773,375,723,253,824,497,0.7913662195205688
7,587,256,551,159,623,353,0.7778962254524231
7,521,321,485,210,557,433,0.7187831401824951
7,661,289,625,189,698,390,0.6680598258972168
7,464,311,437,205,491,417,0.5853138566017151
7,257,588,177,462,338,714,0.567427933216095
8,774,376,724,254,824,498,0.7839921712875366
8,586,258,548,159,624,357,0.7702416777610779
8,521,316,482,202,561,431,0.7445966005325317
8,247,593,166,470,328,717,0.7106195092201233
8,661,294,623,190,700,399,0.687195897102356
8,462,310,437,205,488,415,0.524935781955719
9,773,373,722,253,824,493,0.7867651581764221
9,518,313,479,196,557,430,0.7325014472007751
9,663,294,625,190,701,398,0.710697591304779
9,586,260,547,159,625,361,0.7092233300209045
9,461,305,434,197,488,414,0.48285484313964844
9,234,599,147,481,322,717,0.4195749759674072
10,770,376,719,257,822,495,0.7949802875518799
10,516,316,477,199,555,433,0.7519040107727051
10,663,297,625,191,701,403,0.7467054128646851
10,585,260,547,159,624,362,0.7133388519287109
10,223,604,136,490,310,719,0.5482515692710876
10,460,303,433,195,487,412,0.5126861929893494
11,770,381,719,260,822,503,0.7967506647109985
11,658,300,620,194,697,407,0.7286205887794495
11,509,316,467,202,552,431,0.704796314239502
11,584,264,548,166,621,363,0.6958598494529724
11,218,608,126,498,310,719,0.6599213480949402
11,458,301,431,194,485,409,0.5035948753356934
12,770,390,722,263,818,518,0.7324897646903992
12,505,317,458,204,553,430,0.7170159816741943
12,583,265,548,169,619,361,0.7165572643280029
12,226,612,111,508,341,716,0.6736237406730652
12,659,308,624,204,695,412,0.6513543725013733
12,455,297,429,193,482,402,0.48457467555999756
13,769,388,720,268,819,509,0.7897806763648987
13,584,269,547,173,622,366,0.7411687970161438
13,508,321,461,214,556,429,0.7179762721061707
13,659,303,624,204,694,402,0.6992955207824707
13,453,294,427,191,480,398,0.5256823897361755
14,770,391,720,271,820,512,0.7865219116210938
14,506,322,458,216,554,428,0.7318663597106934
14,584,277,547,176,621,379,0.7209294438362122
14,658,306,622,208,695,405,0.6946365237236023
14,452,292,426,188,478,397,0.5137100219726562
15,770,400,722,279,818,521,0.7628597021102905
15,506,325,459,222,553,428,0.7542064785957336
15,584,279,546,176,622,383,0.7347285747528076
15,659,309,620,212,698,407,0.7077906727790833
15,450,288,425,188,475,389,0.5128664374351501
16,583,273,546,176,620,371,0.7609515190124512
16,657,317,619,219,696,415,0.7226147055625916
16,768,402,720,281,817,523,0.7128244042396545
16,504,322,457,216,551,428,0.703941285610199
16,449,296,426,189,473,403,0.4297850430011749
16,812,272,784,188,840,356,0.41060513257980347
16,718,279,697,200,739,359,0.35970935225486755
17,582,277,545,177,620,378,0.7760911583900452
17,767,413,717,287,817,539,0.7465137243270874
17,656,321,618,222,694,420,0.7264202833175659
17,501,314,455,200,548,428,0.6977541446685791
17,813,268,786,188,840,348,0.3824288845062256
18,582,281,545,178,620,384,0.7911360859870911
18,651,326,612,221,690,431,0.7587301135063171
18,500,314,454,201,546,428,0.7276257872581482
18,766,395,714,287,818,503,0.6900664567947388
18,728,283,690,190,767,377,0.3762376308441162
19,762,426,708,288,817,565,0.807320237159729
19,650,327,610,221,690,434,0.788346529006958
19,581,282,544,178,619,386,0.7880465388298035
19,498,320,452,212,545,428,0.6680127382278442
19,720,290,689,190,752,391,0.3955678343772888
20,649,329,609,221,689,437,0.8006765246391296
20,762,430,707,293,818,567,0.7976248860359192
20,580,283,542,178,619,388,0.7940607070922852
20,496,312,448,197,545,428,0.7233664989471436
21,763,431,707,295,819,567,0.809718132019043
21,647,328,607,220,688,437,0.8085912466049194
21,579,282,540,178,619,387,0.7862511873245239
21,493,311,443,195,544,428,0.7268378138542175
21,722,304,688,192,756,416,0.3789769113063812
22,645,328,605,219,686,437,0.8144317269325256
22,762,431,705,298,820,565,0.8111592531204224
22,579,283,541,179,618,388,0.7670319676399231
22,489,310,440,192,539,428,0.7390590310096741
22,727,310,687,194,768,427,0.4595344662666321
23,762,436,702,303,823,570,0.824838399887085
23,644,328,603,219,686,437,0.8178368210792542
23,580,283,542,178,619,389,0.759573757648468
23,485,308,434,191,536,426,0.7469869256019592
23,725,316,685,201,766,431,0.4604448080062866
24,642,330,601,221,684,439,0.8249499797821045
24,765,445,705,308,825,582,0.8196236491203308
24,580,285,542,179,618,391,0.7922192811965942
24,481,310,433,193,529,427,0.7094624042510986
24,726,317,684,202,768,433,0.6920247673988342
24,710,322,682,219,738,426,0.35663411021232605
25,641,336,600,222,682,451,0.8059121966362
25,766,454,703,317,829,591,0.8043674826622009
25,581,287,542,180,620,394,0.7909677028656006
25,477,311,431,196,523,426,0.7399685978889465
25,725,323,683,206,767,440,0.7374648451805115
25,511,258,484,168,538,348,0.44028955698013306
26,769,453,708,322,830,585,0.8389748930931091
26,640,344,598,232,682,456,0.779592752456665
26,581,288,543,183,619,394,0.7714002132415771
26,474,312,430,198,518,427,0.7024167776107788
26,721,327,678,207,764,448,0.6574399471282959
26,506,263,475,167,537,359,0.4172079265117645
27,721,329,678,208,764,451,0.7978643178939819
27,639,351,597,234,681,469,0.7937248945236206
27,776,471,715,331,837,611,0.7824123501777649
27,580,289,543,186,618,392,0.7699909806251526
27,469,316,428,208,511,425,0.6733464598655701
27,502,267,469,166,536,369,0.4808790385723114
27,86,243,54,167,119,319,0.3749852180480957
28,719,330,677,212,762,448,0.8113060593605042
28,637,354,597,230,677,478,0.7741623520851135
28,579,290,542,189,617,391,0.769260585308075
28,466,316,428,209,504,424,0.7161851525306702
28,767,460,716,335,818,585,0.6942931413650513
28,85,241,52,166,118,317,0.5967311859130859
28,501,263,469,155,534,372,0.5248591303825378
29,717,331,675,212,760,451,0.830150842666626
29,581,291,544,189,619,394,0.7891960740089417
29,636,351,596,235,676,468,0.7829930186271667
29,775,484,719,336,832,633,0.6731834411621094
29,463,319,425,213,501,425,0.6634519100189209
29,84,242,50,166,118,318,0.6405590176582336
29,501,275,468,169,535,382,0.5978984236717224
30,716,333,674,215,759,452,0.8389707803726196
30,634,369,593,250,676,488,0.8196927905082703
30,783,488,723,342,844,634,0.754414439201355
30,583,294,545,190,621,399,0.7436401844024658
30,82,241,48,166,117,317,0.6664831042289734
30,501,279,467,169,536,390,0.661316990852356
30,460,318,424,211,497,426,0.596942126750946
31,633,375,589,253,678,497,0.8279618620872498
31,784,489,725,343,844,636,0.7988324165344238
31,717,333,675,217,759,449,0.7955973148345947
31,81,241,45,166,117,317,0.7254878282546997
31,502,281,465,169,539,393,0.706983745098114
31,582,291,545,191,619,392,0.6945534348487854
31,459,314,423,203,496,425,0.5561515092849731
31,768,284,738,203,799,365,0.4728683531284332
32,634,376,585,255,683,497,0.8482301235198975
32,787,491,726,345,849,638,0.8192611932754517
32,717,332,675,218,760,446,0.7284428477287292
32,501,284,464,170,538,399,0.7082967758178711
32,80,241,44,166,117,316,0.6997175216674805
32,581,285,545,192,617,378,0.6901440024375916
32,457,310,420,194,494,426,0.5503634810447693
32,737,329,714,235,760,423,0.35484498739242554
33,631,376,585,255,678,497,0.8587939143180847
33,790,493,727,349,853,638,0.8476608991622925
33,718,333,674,217,763,449,0.7451417446136475
33,501,286,464,171,538,401,0.7419326305389404
33,581,289,545,195,618,383,0.704018235206604
33,80,241,44,166,117,316,0.6848463416099548
33,458,315,424,206,493,425,0.5783258676528931
33,769,284,740,205,799,364,0.4506003260612488
34,629,376,582,256,677,497,0.8593888282775879
34,794,499,729,353,859,646,0.8461157083511353
34,718,334,673,218,763,451,0.7815717458724976
34,502,287,464,173,540,402,0.7607242465019226
34,81,241,44,166,118,316,0.6918872594833374
34,581,285,545,192,617,378,0.6705024242401123
34,458,318,424,212,493,425,0.6001582145690918
34,770,283,740,205,800,361,0.5059415102005005
34,817,265,791,175,843,355,0.35691142082214355
35,797,511,730,358,865,664,0.8726008534431458
35,626,377,580,257,673,497,0.8690189719200134
35,718,336,671,221,766,452,0.693327784538269
35,501,288,465,175,538,402,0.6904857754707336
35,81,241,45,166,117,316,0.6505653262138367
35,581,285,545,193,617,378,0.6422193646430969
35,459,316,424,207,494,425,0.5585888624191284
36,625,374,577,258,673,491,0.8479288816452026
36,800,520,731,366,869,674,0.8454532027244568
36,720,338,671,221,769,455,0.7864250540733337
36,500,289,466,177,534,401,0.717272937297821
36,81,242,45,167,117,317,0.6937191486358643
36,581,295,545,194,617,397,0.6444487571716309
36,459,313,425,200,493,426,0.512058675289154
36,774,295,742,206,806,384,0.444084495306015
37,624,375,575,260,673,490,0.8518792986869812
37,800,520,732,372,868,668,0.8498079180717468
37,719,341,670,224,769,458,0.7744945883750916
37,499,288,465,177,534,400,0.7468750476837158
37,80,241,44,166,116,317,0.7130608558654785
37,580,298,544,194,617,403,0.6502438187599182
37,456,302,422,179,491,426,0.5118075609207153
37,774,296,741,206,807,387,0.39104393124580383
38,621,380,575,261,668,500,0.8435051441192627
38,800,540,733,380,867,701,0.8224287629127502
38,500,286,464,175,536,398,0.7685478329658508
38,718,345,671,229,766,462,0.7303419709205627
38,81,241,45,166,117,317,0.7085824012756348
38,580,304,544,197,617,412,0.621817946434021
38,454,303,420,180,489,427,0.49693426489830017
38,775,298,742,206,808,390,0.4171697497367859
39,618,385,573,264,664,507,0.8064219951629639
39,502,287,464,177,540,398,0.7985706925392151
39,801,544,735,386,867,702,0.7878244519233704
39,81,242,46,166,117,318,0.7055841684341431
39,718,348,670,233,766,464,0.6909396648406982
39,581,308,544,200,618,416,0.5765179395675659
39,453,303,420,181,487,426,0.5236523151397705
40,804,555,738,394,870,716,0.8682990670204163
40,616,388,571,268,662,508,0.7691078186035156
40,502,286,464,178,540,395,0.7600937485694885
40,81,241,45,166,117,317,0.6753767132759094
40,718,354,670,236,767,473,0.6532500982284546
40,581,314,544,202,618,427,0.5620264410972595
40,453,310,421,193,486,428,0.5064536333084106
41,613,389,569,273,658,506,0.7982676029205322
41,806,557,741,400,872,715,0.7945313453674316
41,503,290,465,179,542,401,0.7929287552833557
41,724,361,676,237,772,485,0.6397616863250732
41,80,242,43,167,117,317,0.6264179944992065
41,579,311,542,205,617,417,0.5282177329063416
42,505,292,464,180,546,405,0.8249085545539856
42,612,395,569,281,655,509,0.8001968860626221
42,808,561,742,405,874,717,0.7243667840957642
42,724,365,676,240,773,491,0.6893532276153564
42,81,242,44,166,119,318,0.5523831844329834
42,583,307,541,207,626,408,0.5487632751464844
42,809,515,742,404,876,627,0.5023486614227295
43,811,563,742,408,880,718,0.843854546546936
43,505,294,465,181,546,408,0.8356277346611023
43,610,403,568,285,653,522,0.745317816734314
43,727,368,678,244,776,493,0.6242703199386597
43,79,241,42,166,117,317,0.577435314655304
43,584,289,542,212,627,366,0.5697125196456909
44,504,297,466,183,543,411,0.8069454431533813
44,813,552,743,412,883,692,0.7533940076828003
44,606,403,561,290,652,517,0.7214909791946411
44,79,241,42,166,117,317,0.5959969758987427
44,584,287,543,214,625,361,0.573621392250061
44,737,369,696,245,779,494,0.570268988609314
44,788,269,744,169,833,369,0.3926069736480713
45,814,565,744,416,884,715,0.8815073370933533
45,504,298,464,184,545,413,0.8145735859870911
45,600,399,555,291,645,508,0.7276231646537781
45,79,241,42,166,116,317,0.674005925655365
45,733,369,686,244,780,495,0.6155144572257996
45,582,287,539,216,625,358,0.6154181361198425
46,815,569,747,421,884,717,0.9053815603256226
46,502,297,463,187,541,408,0.791222870349884
46,598,399,553,295,644,504,0.6876839399337769
46,577,286,536,217,618,356,0.6432988047599792
46,729,371,679,244,779,498,0.6204517483711243
46,78,242,41,167,115,317,0.5384535789489746
47,821,572,750,428,893,717,0.8895432353019714
47,502,299,461,189,544,410,0.8151484727859497
47,70,241,28,167,113,316,0.7157857418060303
47,728,372,677,245,780,500,0.6990330815315247
47,595,401,549,297,642,506,0.67448890209198
47,574,291,533,218,615,365,0.6310948133468628
47,643,300,615,200,672,400,0.4121250808238983
48,825,576,753,435,897,718,0.8914614915847778
48,502,299,460,191,544,407,0.8112553358078003
48,729,369,678,246,781,492,0.7252616882324219
48,593,409,546,298,640,520,0.7199658155441284
48,67,241,21,168,113,315,0.660262942314148
48,572,292,530,218,614,366,0.6170818209648132
48,647,310,621,220,673,400,0.3794114589691162
49,828,582,756,445,900,719,0.8876665830612183
49,588,427,537,298,640,557,0.78305584192276
49,729,372,678,249,781,496,0.7627993822097778
49,499,299,458,191,541,407,0.7573258876800537
49,573,287,531,219,616,356,0.5973439812660217
49,66,242,22,169,111,315,0.5049445629119873
49,648,316,623,232,673,401,0.45768678188323975
50,830,585,759,453,902,718,0.8679488897323608
50,729,374,678,250,781,498,0.8174899816513062
50,586,431,532,299,641,563,0.8158235549926758
50,496,301,456,192,537,411,0.6718384027481079
50,574,288,529,219,619,358,0.6504969596862793
50,648,321,623,244,673,398,0.49797648191452026
50,511,298,487,193,536,404,0.4307060241699219
50,66,242,23,169,110,315,0.4221598207950592
51,836,590,765,462,908,718,0.8808674216270447
51,584,433,527,302,641,565,0.8362106680870056
51,730,376,680,252,780,501,0.7627733945846558
51,496,304,455,192,537,416,0.7195459008216858
51,573,288,528,219,618,358,0.6729433536529541
51,648,314,621,232,676,396,0.4281560480594635
52,842,593,769,469,915,718,0.8824101090431213
52,582,440,523,306,642,575,0.8378339409828186
52,727,385,676,254,779,517,0.759663999080658
52,494,306,453,192,536,421,0.756669819355011
52,573,294,527,219,619,369,0.7131104469299316
52,648,300,613,207,683,394,0.4597563147544861
52,647,312,622,233,672,391,0.3885037899017334
53,850,596,775,474,926,718,0.8530816435813904
53,580,447,517,311,644,583,0.8369578719139099
53,493,308,452,193,534,423,0.7642789483070374
53,573,297,525,221,621,373,0.7550602555274963
53,729,387,679,259,780,515,0.7128264904022217
53,57,241,12,167,102,316,0.4981273412704468
53,648,301,613,208,683,394,0.4725601375102997
53,646,311,623,231,670,392,0.3663807511329651
54,853,598,780,478,927,719,0.8497424125671387
54,579,461,514,318,645,605,0.8416936993598938
54,492,312,451,194,533,431,0.7668060064315796
54,729,396,680,261,779,531,0.7398690581321716
54,573,305,525,223,621,388,0.6782181859016418
54,50,240,3,167,97,314,0.597069263458252
54,649,304,614,209,684,399,0.5509864687919617
54,646,317,623,236,670,398,0.44344082474708557
54,1192,240,1159,173,1226,307,0.3576667904853821
55,858,598,783,480,933,717,0.8693413138389587
55,578,469,512,325,644,614,0.8455531597137451
55,728,388,679,263,777,513,0.8084284663200378
55,492,314,451,196,533,432,0.7493303418159485
55,572,301,524,227,621,376,0.7161688804626465
55,48,240,1,166,96,314,0.6580889225006104
55,647,307,616,213,678,402,0.5101282000541687
55,646,320,622,238,670,402,0.4742887616157532
55,777,337,742,239,813,435,0.47144195437431335
55,1184,239,1163,177,1206,302,0.39075323939323425
56,860,601,786,484,935,718,0.8629202246665955
56,577,473,511,334,644,613,0.8527100682258606
56,727,397,677,267,778,527,0.8167799711227417
56,491,314,450,197,532,432,0.7566172480583191
56,45,239,0,165,90,313,0.7360615730285645
56,571,305,524,230,619,380,0.7212401628494263
56,775,337,740,233,811,442,0.5408101677894592
56,647,306,611,210,683,403,0.4315671920776367
56,775,346,748,256,803,437,0.3655814826488495
56,645,319,621,235,670,404,0.3654528558254242
56,1184,238,1164,178,1205,298,0.35585489869117737
57,577,477,511,340,643,614,0.8685814142227173
57,864,603,787,489,942,718,0.8619601130485535
57,725,416,675,272,776,560,0.8478242754936218
57,42,240,0,166,85,314,0.8166884183883667
57,489,315,446,198,533,432,0.7178337574005127
57,571,308,523,233,620,383,0.691001296043396
57,776,344,739,236,813,453,0.6014020442962646
57,646,310,609,214,683,407,0.4395256042480469
57,776,352,750,258,803,447,0.4393638074398041
57,648,323,622,238,674,408,0.36440107226371765
58,576,487,510,346,642,628,0.8582965135574341
58,867,607,788,496,946,718,0.850262463092804
58,39,240,0,166,78,315,0.8129807114601135
58,728,417,676,277,780,558,0.8037095665931702
58,491,311,446,197,536,426,0.7054054737091064
58,571,312,523,238,620,387,0.6658463478088379
58,778,346,741,238,815,455,0.5667304396629333
58,644,318,608,222,680,415,0.46336254477500916
58,125,231,98,165,152,298,0.4575125575065613
58,1180,243,1157,192,1203,295,0.3596983551979065
58,1162,635,1059,554,1266,717,0.35026320815086365
59,576,496,510,347,643,646,0.85306316614151
59,869,611,791,504,947,719,0.8478235602378845
59,36,241,0,166,73,316,0.8008105754852295
59,727,418,674,279,781,557,0.7977907061576843
59,490,317,446,201,534,433,0.7414482831954956
59,571,317,521,243,622,392,0.6678081154823303
59,124,228,97,164,152,293,0.5985259413719177
59,778,350,741,235,815,466,0.516877293586731
59,1160,637,1060,558,1260,717,0.4850939214229584
59,1221,245,1196,176,1246,314,0.4617496728897095
59,1180,241,1158,187,1203,295,0.448413223028183
59,644,322,608,222,681,423,0.4032106399536133
60,576,499,511,351,641,647,0.8743658065795898
60,871,617,794,515,949,719,0.8405172824859619
60,36,240,0,165,72,315,0.7924953699111938
60,490,318,445,203,535,434,0.7448290586471558
60,726,421,673,282,779,560,0.731228768825531
60,572,317,521,248,623,387,0.692745566368103
60,124,228,96,164,152,293,0.6599221229553223
60,1224,245,1197,175,1251,315,0.5805091261863708
60,1155,639,1059,562,1251,716,0.49724897742271423
60,776,361,741,254,812,469,0.4806739389896393
60,1180,238,1157,183,1204,294,0.467267245054245
60,644,330,609,226,679,434,0.4532431662082672
61,575,501,510,355,641,648,0.8862377405166626
61,874,621,797,525,952,718,0.8070154190063477
61,489,319,446,203,532,435,0.7666052579879761
61,723,421,670,284,777,559,0.738160252571106
61,36,241,0,166,72,316,0.7377304434776306
61,571,318,520,251,623,386,0.6980965733528137
61,777,359,740,246,815,473,0.6549995541572571
61,123,229,95,165,151,294,0.6067133545875549
61,1226,245,1198,175,1254,315,0.6010358333587646
61,645,330,610,224,680,437,0.5641326308250427
61,1183,238,1161,182,1205,295,0.43617793917655945
61,530,215,495,138,565,292,0.38806846737861633
61,649,204,613,154,685,254,0.3657563328742981
62,575,503,510,358,640,649,0.893229067325592
62,720,421,667,284,774,559,0.7739077806472778
62,877,627,799,537,955,718,0.7060568332672119
62,488,321,445,203,532,439,0.7023999691009521
62,36,241,0,168,72,314,0.6527678370475769
62,778,362,742,250,815,475,0.651067316532135
62,572,319,521,251,624,388,0.6469125151634216
62,1228,244,1199,175,1258,314,0.630190372467041
62,645,332,611,226,679,438,0.5443590879440308
62,123,229,94,164,152,294,0.5277560949325562
62,1184,237,1161,181,1207,294,0.5018794536590576
62,530,215,495,138,565,292,0.3688282072544098
63,573,503,510,359,637,647,0.8429228663444519
63,719,421,668,286,771,557,0.7930496335029602
63,488,322,444,203,533,442,0.7098783850669861
63,36,241,0,168,72,314,0.70792156457901
63,572,321,520,251,625,391,0.6708723306655884
63,780,363,744,254,817,473,0.6324701905250549
63,1229,242,1199,173,1260,311,0.6319528818130493
63,879,632,801,545,958,719,0.5468174815177917
63,646,331,614,227,679,436,0.5223485827445984
63,1186,234,1161,173,1211,295,0.49047261476516724
63,123,228,95,164,152,293,0.4893776476383209
63,529,216,494,139,565,294,0.4316585958003998
64,571,504,509,361,634,648,0.8576540350914001
64,718,419,667,286,770,552,0.7950596809387207
64,36,242,0,168,72,316,0.7297523617744446
64,571,323,519,252,624,394,0.6925296783447266
64,489,322,445,204,533,440,0.6774721145629883
64,781,364,745,255,818,474,0.6143077611923218
64,1230,242,1200,173,1261,312,0.6089138388633728
64,646,332,614,229,678,436,0.5639140009880066
64,886,637,803,555,970,719,0.5231302380561829
64,1187,233,1162,173,1213,294,0.45649147033691406
64,529,216,494,140,564,292,0.45453041791915894
64,123,229,95,168,152,291,0.36194899678230286
65,569,508,507,365,631,651,0.8654171824455261
65,717,422,668,289,767,556,0.8190771341323853
65,36,242,0,169,72,316,0.685371458530426
65,783,364,747,254,820,474,0.6809748411178589
65,572,324,521,253,624,395,0.6729940176010132
65,1198,431,1170,374,1226,488,0.5666739344596863
65,489,325,446,206,533,444,0.5520856976509094
65,889,639,805,561,974,718,0.5140987038612366
65,647,334,615,230,679,438,0.5114280581474304
65,1230,243,1198,176,1262,311,0.48374423384666443
65,529,216,494,141,564,291,0.45132753252983093
66,567,509,504,369,630,650,0.8564686179161072
66,716,428,667,293,766,564,0.8174614310264587
66,1199,430,1170,373,1228,488,0.7302246689796448
66,36,242,0,168,72,316,0.728134036064148
66,572,327,522,254,623,400,0.6876537203788757
66,489,329,446,207,533,451,0.6743661165237427
66,784,364,747,254,821,474,0.6628022193908691
66,893,643,807,567,979,719,0.6419225931167603
66,1231,243,1201,176,1261,310,0.5584494471549988
66,528,217,492,143,564,292,0.41062113642692566
66,645,335,611,231,680,440,0.406955748796463
66,1186,236,1163,183,1209,290,0.37756112217903137
67,565,513,503,374,628,652,0.8663849234580994
67,718,437,663,296,773,578,0.8069053292274475
67,36,242,0,168,72,316,0.7677649855613708
67,1200,430,1167,371,1233,490,0.7255025506019592
67,494,332,455,210,533,455,0.698590874671936
67,894,645,809,573,979,718,0.6603567600250244
67,570,333,521,254,620,413,0.6386494040489197
67,784,364,746,254,822,474,0.6368909478187561
67,1232,243,1202,176,1262,310,0.6102270483970642
67,645,335,610,231,680,440,0.4871479570865631
67,526,216,488,143,564,290,0.4259909987449646
67,648,344,621,254,675,435,0.3541373908519745
68,564,523,501,382,628,665,0.84858238697052
68,36,241,0,167,72,315,0.8153856992721558
68,718,449,665,301,771,597,0.7942550182342529
68,494,338,456,215,532,461,0.7470353841781616
68,1200,427,1168,369,1232,486,0.7070252299308777
68,1236,239,1206,170,1267,308,0.6309446692466736
68,570,343,521,256,620,431,0.6301475167274475
68,894,649,809,580,979,718,0.6129286289215088
68,645,331,613,232,677,431,0.5791903138160706
68,783,365,747,256,819,474,0.5664991736412048
68,1197,226,1179,175,1216,278,0.3806248605251312
69,563,540,500,392,626,689,0.8360981941223145
69,36,241,0,167,72,316,0.8065794110298157
69,716,450,665,303,768,598,0.7771480083465576
69,785,364,747,255,823,474,0.7100575566291809
69,493,339,455,215,532,463,0.7035741806030273
69,1238,239,1207,171,1270,308,0.6822425127029419
69,1201,427,1168,369,1234,485,0.6577903032302856
69,569,338,519,258,619,419,0.5783742070198059
69,896,654,812,590,981,718,0.5423131585121155
69,645,335,608,231,682,440,0.5142294764518738
69,523,214,484,145,562,284,0.37434983253479004
70,561,557,498,399,625,716,0.8565119504928589
70,717,452,666,306,769,598,0.7768155932426453
70,787,370,748,258,826,482,0.7286721467971802
70,1240,239,1208,170,1272,308,0.7223683595657349
70,36,241,0,166,72,316,0.7068154811859131
70,494,341,455,219,533,464,0.6761329770088196
70,1203,426,1168,368,1238,485,0.6163334250450134
70,569,351,519,259,620,443,0.5886561274528503
70,1200,227,1181,172,1219,282,0.4860820770263672
70,641,341,602,236,681,447,0.4690137207508087
70,113,227,78,168,148,287,0.3956376314163208
70,522,217,482,145,562,290,0.3640880584716797
71,560,560,497,404,624,717,0.8513864874839783
71,720,461,663,312,777,611,0.7744356393814087
71,787,368,748,260,827,477,0.7375298738479614
71,1206,425,1170,368,1242,483,0.7033487558364868
71,1240,238,1209,170,1271,307,0.695845365524292
71,494,342,456,221,533,464,0.673591136932373
71,568,354,514,266,622,442,0.5952460169792175
71,641,342,599,238,683,447,0.5620068311691284
71,1201,228,1183,175,1219,281,0.3842342495918274
71,35,240,0,166,70,315,0.35106152296066284
72,559,564,495,411,623,718,0.8577929735183716
72,719,473,659,314,780,633,0.7487634420394897
72,788,370,749,264,828,476,0.7428168058395386
72,1207,423,1172,367,1242,480,0.7146673202514648
72,1239,237,1209,170,1270,304,0.6721370816230774
72,493,343,452,222,534,465,0.6628950238227844
72,568,363,515,274,621,452,0.6315599679946899
72,33,240,0,166,67,314,0.5816457867622375
72,640,340,597,236,683,444,0.5498077869415283
72,1201,229,1182,178,1220,281,0.4282419979572296
73,558,568,493,419,624,718,0.8780041337013245
73,721,476,660,318,783,634,0.7993648052215576
73,1207,419,1172,366,1242,473,0.7723801732063293
73,789,385,749,267,829,503,0.7240138053894043
73,568,367,515,279,622,456,0.6382105946540833
73,492,342,451,224,533,460,0.619684100151062
73,1241,238,1209,173,1273,303,0.5601988434791565
73,639,341,597,239,682,444,0.47569739818573
74,558,571,492,423,624,719,0.88040691614151
74,725,478,665,323,785,634,0.7909906506538391
74,790,389,751,270,829,509,0.7420806288719177
74,1209,416,1172,364,1246,469,0.7279202342033386
74,568,368,515,283,621,453,0.6875278353691101
74,490,343,448,225,533,461,0.6684753894805908
74,639,346,596,240,683,452,0.5508224368095398
74,32,241,0,167,65,315,0.4554540812969208
74,1237,237,1206,175,1268,300,0.4017365872859955
75,557,572,490,427,625,718,0.8835411071777344
75,724,481,663,327,785,635,0.7626785039901733
75,1211,415,1174,362,1248,468,0.7353509664535522
75,569,367,517,286,621,449,0.6974088549613953
75,790,389,751,274,829,504,0.6821978688240051
75,490,343,447,223,534,464,0.6793661117553711
75,640,351,596,244,685,459,0.5683712959289551
76,557,574,487,430,628,718,0.8782209157943726
76,1212,413,1176,359,1249,468,0.7479400038719177
76,723,481,664,329,782,634,0.7403568029403687
76,567,371,515,288,619,455,0.7233714461326599
76,490,344,445,223,535,466,0.7155876755714417
76,640,359,596,253,685,466,0.6549352407455444
76,790,397,751,276,829,518,0.6341953277587891
77,558,575,486,433,630,717,0.889155924320221
77,720,483,664,333,776,633,0.7632601857185364
77,488,349,443,224,534,474,0.7510186433792114
77,564,376,513,290,616,462,0.7395137548446655
77,790,399,749,277,831,521,0.7075989246368408
77,641,360,597,253,685,468,0.689731240272522
77,1215,411,1179,355,1252,467,0.6734253764152527
77,729,280,687,221,771,340,0.3563280999660492
78,559,578,486,438,633,718,0.8927296996116638
78,487,358,444,229,530,487,0.7747363448143005
78,564,383,513,291,616,475,0.7507055997848511
78,720,482,664,335,776,630,0.729852020740509
78,791,400,749,278,833,522,0.6771737337112427
78,642,364,600,257,685,471,0.6575585603713989
78,1218,410,1181,355,1255,466,0.6204729676246643
78,729,283,686,222,772,345,0.4075847566127777
79,561,580,485,443,637,718,0.8915256261825562
79,566,388,513,293,619,483,0.7805843353271484
79,487,358,444,230,530,486,0.765064537525177
79,718,484,663,336,774,632,0.7535399794578552
79,790,401,749,280,832,522,0.7162075042724609
79,643,365,600,257,686,473,0.6370049715042114
79,81,361,47,315,115,407,0.5372863411903381
79,1220,411,1183,354,1257,468,0.5358572602272034
79,730,297,688,225,773,370,0.43781358003616333
80,562,584,485,452,640,717,0.8984593152999878
80,487,355,443,234,531,477,0.7964127063751221
80,565,381,513,295,617,467,0.7616426944732666
80,715,486,660,338,771,635,0.761202871799469
80,793,399,751,281,835,517,0.7458388805389404
80,641,363,596,255,687,472,0.6390518546104431
80,729,302,686,226,773,378,0.4956972897052765
81,563,588,485,461,641,716,0.888350248336792
81,485,360,441,236,529,484,0.8141308426856995
81,715,490,659,341,771,639,0.7973135709762573
81,564,385,511,296,618,475,0.7706012725830078
81,794,397,751,282,838,512,0.703440248966217
81,642,363,597,257,687,469,0.464383065700531
81,730,304,687,229,774,380,0.4493367373943329
82,563,593,485,470,642,717,0.8930491209030151
82,483,362,438,238,528,486,0.7994582056999207
82,718,500,661,347,775,653,0.7968369722366333
82,563,388,510,298,617,479,0.776136577129364
82,795,400,751,284,840,516,0.6523017287254333
82,642,362,596,257,688,467,0.48289328813552856
82,730,305,687,232,774,379,0.4351424276828766
82,805,239,770,175,841,303,0.3596680462360382
83,566,598,488,479,644,717,0.8951849341392517
83,720,511,659,351,782,671,0.7986057996749878
83,480,366,432,241,528,491,0.7781410813331604
83,564,396,505,300,624,492,0.7728540301322937
83,793,404,750,286,836,522,0.6758779883384705
83,642,357,596,258,689,457,0.49500778317451477
83,729,313,687,235,772,392,0.4869592785835266
83,805,246,770,175,841,317,0.35598769783973694
84,567,604,488,490,647,719,0.899411141872406
84,479,367,431,241,527,493,0.7865435481071472
84,558,403,500,304,616,503,0.7618007063865662
84,720,504,658,358,783,650,0.7388967871665955
84,792,415,749,291,835,539,0.7361136078834534
84,642,357,596,258,688,456,0.5925637483596802
84,729,311,686,237,772,385,0.42997872829437256
84,649,370,620,283,678,458,0.37774384021759033
84,804,244,767,175,841,314,0.3771249055862427
85,569,607,490,497,648,718,0.8753096461296082
85,478,376,429,242,527,510,0.7882635593414307
85,717,519,657,361,778,677,0.7688350081443787
85,791,424,746,295,836,553,0.7536200284957886
85,563,408,502,307,624,509,0.7372639179229736
85,1217,396,1191,345,1244,447,0.5934640765190125
85,641,358,596,257,687,460,0.5769596099853516
85,117,371,80,326,154,417,0.528154194355011
85,729,303,687,240,771,366,0.4990304410457611
85,1231,396,1192,344,1270,448,0.45151427388191223
85,1265,393,1251,341,1279,446,0.3776034116744995
85,49,684,3,649,95,719,0.35683977603912354
85,559,241,534,175,584,307,0.3557226061820984
86,570,611,491,505,650,718,0.8540239930152893
86,478,376,429,243,528,509,0.7821207642555237
86,717,527,657,365,778,690,0.7663165926933289
86,793,426,747,298,839,554,0.7401778697967529
86,564,413,503,310,625,517,0.7190277576446533
86,1219,396,1190,345,1248,448,0.7048813104629517
86,641,368,595,261,687,475,0.6440674662590027
86,123,377,89,330,157,424,0.6064902544021606
86,1265,384,1251,324,1279,444,0.5218691825866699
86,729,308,687,241,771,375,0.4714852571487427
87,572,614,493,511,652,718,0.8502846360206604
87,477,376,428,242,527,510,0.788174569606781
87,565,420,504,319,627,522,0.7568627595901489
87,1219,396,1191,343,1247,450,0.7479993104934692
87,717,526,654,372,780,681,0.731378972530365
87,795,428,750,303,840,553,0.7170901298522949
87,639,374,593,264,686,484,0.65350741147995
87,1264,388,1250,331,1279,446,0.5697575211524963
87,728,314,684,242,773,386,0.4631151258945465
87,128,380,95,329,161,431,0.43273937702178955
87,803,256,766,179,841,333,0.35523340106010437
88,573,617,493,516,654,719,0.8630437254905701
88,1222,396,1191,342,1254,450,0.7783383131027222
88,477,373,426,240,529,506,0.7752694487571716
88,713,546,653,377,773,716,0.7634236216545105
88,796,421,751,306,841,537,0.7368626594543457
88,566,424,507,324,626,525,0.6886376738548279
88,639,381,595,266,684,496,0.655070424079895
88,1264,388,1249,328,1279,448,0.5842655897140503
88,727,315,681,244,774,387,0.4439648389816284
88,130,384,99,335,161,433,0.4412892162799835
89,574,619,493,520,655,718,0.8451096415519714
89,712,549,651,382,773,717,0.7707216143608093
89,1223,395,1191,342,1255,449,0.7542799115180969
89,475,374,425,241,526,508,0.7500119805335999
89,795,425,750,309,840,541,0.716646134853363
89,638,385,595,268,682,502,0.679779589176178
89,564,431,505,332,623,530,0.640088677406311
89,1264,386,1250,324,1279,448,0.5896394848823547
89,727,320,680,248,774,392,0.48069316148757935
89,129,385,99,336,160,434,0.4037424921989441
90,575,622,493,526,657,718,0.8240328431129456
90,637,392,594,272,680,513,0.731056809425354
90,475,374,426,242,525,506,0.7240363359451294
90,709,553,648,390,771,716,0.7003509998321533
90,795,431,750,316,841,546,0.6821264624595642
90,563,438,507,338,619,538,0.6177592873573303
90,130,389,99,339,161,439,0.41610392928123474
90,718,230,682,162,755,298,0.39154160022735596
90,1226,395,1192,343,1261,447,0.3745086193084717
90,727,326,680,250,774,403,0.3730264902114868
91,574,625,492,532,657,719,0.7857389450073242
91,474,376,425,244,524,509,0.7271612882614136
91,708,551,646,390,770,713,0.6930096745491028
91,564,441,507,343,621,540,0.6767142415046692
91,129,391,96,340,162,442,0.6613484025001526
91,796,432,749,316,843,548,0.6590468287467957
91,636,399,595,275,677,523,0.634480893611908
91,1235,395,1196,344,1274,447,0.41976746916770935
91,717,230,681,164,754,297,0.37396541237831116
91,1264,382,1249,322,1279,443,0.37045520544052124
92,571,628,489,537,654,719,0.7510098218917847
92,475,377,424,246,526,509,0.7381186485290527
92,705,551,641,392,770,711,0.7358689308166504
92,559,446,504,346,615,547,0.723082423210144
92,797,438,749,317,846,560,0.710991382598877
92,125,394,92,343,159,446,0.657122790813446
92,634,399,593,277,676,521,0.5498401522636414
92,723,337,670,252,777,422,0.3590283989906311
92,1237,394,1200,342,1274,447,0.3554098606109619
93,474,382,421,246,527,519,0.7669204473495483
93,704,553,638,395,770,712,0.7498810291290283
93,560,449,506,347,615,552,0.7465156316757202
93,569,631,485,545,654,718,0.7278773188591003
93,116,399,83,345,150,453,0.6981080174446106
93,796,439,746,317,846,562,0.6759424209594727
93,632,403,590,283,675,523,0.6072114109992981
93,1243,392,1207,339,1279,446,0.46304917335510254
94,473,388,420,249,527,528,0.8127760291099548
94,705,552,640,396,770,708,0.7679810523986816
94,569,636,485,553,653,719,0.7282028198242188
94,558,452,501,345,616,560,0.7245633006095886
94,630,408,586,286,675,530,0.6516874432563782
94,796,440,745,318,847,562,0.650001049041748
94,110,408,73,351,147,466,0.5830247402191162
94,725,341,674,258,776,425,0.4570194184780121
94,1246,390,1214,336,1279,445,0.44827961921691895
94,800,260,759,188,841,332,0.4057106077671051
94,717,229,679,165,755,294,0.35989078879356384
94,1198,235,1157,174,1239,297,0.3573242425918579
95,702,556,633,402,772,710,0.800020694732666
95,472,390,419,250,525,530,0.7732695937156677
95,555,458,494,348,617,569,0.727021336555481
95,568,641,485,564,652,719,0.7108306884765625
95,795,443,742,320,849,567,0.6417028307914734
95,630,408,587,289,673,528,0.637069046497345
95,723,341,672,261,774,421,0.5637745261192322
95,1250,383,1221,318,1279,449,0.5374805331230164
95,109,412,72,356,146,469,0.4803163707256317
95,648,233,603,160,694,306,0.42407384514808655
95,799,262,758,189,841,335,0.383881539106369
96,706,561,637,405,775,718,0.8271307349205017
96,472,390,420,252,525,528,0.785876989364624
96,558,468,496,350,620,586,0.764496386051178
96,568,647,486,576,650,719,0.7229716777801514
96,795,453,741,322,849,584,0.6798547506332397
96,629,411,587,290,671,533,0.6551552414894104
96,1193,237,1152,173,1235,302,0.6474640965461731
96,724,342,673,263,775,422,0.6052842736244202
96,645,232,601,159,690,305,0.5017613172531128
96,799,261,759,190,840,332,0.4647323191165924
96,1251,382,1223,316,1279,449,0.40486693382263184
96,718,234,678,167,759,302,0.400071918964386
97,704,563,637,409,771,718,0.8348303437232971
97,471,390,421,255,522,526,0.7725699543952942
97,557,476,495,352,620,601,0.7545792460441589
97,567,654,487,589,648,719,0.7442899942398071
97,795,456,742,329,849,583,0.6652132868766785
97,627,417,586,292,668,543,0.6241875886917114
97,724,345,674,266,775,425,0.6153976917266846
97,1190,236,1150,174,1231,299,0.5958037972450256
97,1251,383,1224,316,1279,450,0.4819468557834625
97,718,236,678,167,758,305,0.46933549642562866
97,799,260,759,189,840,331,0.4509081244468689
97,643,236,601,160,686,313,0.44366732239723206
98,708,566,638,415,779,718,0.85405433177948
98,558,484,498,357,618,612,0.7908075451850891
98,472,394,422,257,522,531,0.7634978890419006
98,796,456,741,331,852,582,0.7123953104019165
98,566,659,488,600,645,719,0.7033944129943848
98,625,422,584,292,667,552,0.6179614663124084
98,1188,235,1150,173,1227,297,0.5669472217559814
98,1252,380,1225,312,1279,449,0.5652356743812561
98,724,348,676,269,773,428,0.5412126183509827
98,718,240,677,169,759,312,0.5281972289085388
98,799,264,758,190,840,338,0.4470307528972626
98,645,246,603,181,687,312,0.41290897130966187
99,710,570,637,422,784,718,0.8550995588302612
99,557,491,496,364,619,618,0.8041709661483765
99,473,396,423,261,523,532,0.7458664774894714
99,795,455,740,337,851,574,0.7134274244308472
99,621,401,576,295,666,507,0.674670398235321
99,563,663,488,608,638,719,0.6311056017875671
99,107,434,82,370,132,498,0.5883400440216064
99,1184,250,1150,210,1219,291,0.5334782600402832
99,1252,382,1225,316,1279,449,0.5203216671943665
99,717,240,676,172,759,308,0.4873989522457123
99,723,353,675,272,772,434,0.419677197933197
99,799,267,758,189,840,345,0.4030269682407379
99,642,250,602,189,683,311,0.395143985748291
100,711,573,637,428,786,719,0.8289651274681091
100,556,502,495,372,618,633,0.7629579305648804
100,472,398,422,263,523,533,0.7580400109291077
100,105,435,81,373,129,498,0.7415371537208557
100,794,456,740,339,849,573,0.7058863043785095
100,621,395,577,297,665,493,0.6766020059585571
100,563,668,489,618,637,718,0.664183497428894
100,1252,390,1226,331,1279,449,0.5551822185516357
100,716,241,675,173,758,309,0.4842882752418518
100,723,356,675,274,772,439,0.4658876061439514
100,1181,246,1150,204,1213,289,0.4493488669395447
100,641,264,601,189,681,340,0.42253783345222473
100,1191,244,1168,200,1215,289,0.3813043534755707
100,798,269,757,190,840,349,0.3752782642841339
100,524,305,489,241,560,370,0.35250481963157654
101,705,577,637,434,774,720,0.8143037557601929
101,555,505,492,375,618,636,0.7975138425827026
101,103,436,77,375,129,498,0.7575528025627136
101,473,399,422,264,524,534,0.7565404772758484
101,795,464,740,350,850,578,0.7331312894821167
101,621,399,576,296,666,502,0.730400025844574
101,560,671,489,624,632,719,0.6871111989021301
101,1252,395,1226,342,1279,448,0.5653665661811829
101,716,241,675,174,758,308,0.48999667167663574
101,640,265,600,191,681,340,0.4371577501296997
101,1175,242,1150,199,1201,286,0.4301586449146271
101,797,273,756,191,838,355,0.42322102189064026
101,722,359,672,274,773,445,0.4074995219707489
101,523,307,487,239,559,375,0.3873685896396637
102,711,579,640,441,782,718,0.8082034587860107
102,615,405,565,299,666,512,0.7762197852134705
102,555,512,495,382,616,643,0.7716203331947327
102,100,435,72,374,129,497,0.7612605094909668
102,475,406,423,264,527,549,0.751575767993927
102,793,464,741,352,846,577,0.6855304837226868
102,1254,397,1229,343,1279,451,0.6063555479049683
102,560,673,491,628,629,719,0.5791164040565491
102,716,243,674,174,758,312,0.5408862233161926
102,796,274,756,192,837,357,0.4806842803955078
102,639,266,599,191,679,342,0.46073517203330994
102,1172,234,1149,183,1196,286,0.44503188133239746
102,722,369,669,275,775,464,0.43310773372650146
102,523,311,489,242,557,381,0.4289340674877167
103,557,519,497,391,617,648,0.7879770994186401
103,709,583,642,448,776,719,0.7826694846153259
103,614,415,563,301,666,530,0.7698473930358887
103,97,435,70,373,125,498,0.7607338428497314
103,475,406,424,268,527,544,0.7500487565994263
103,790,469,737,357,844,582,0.7254927754402161
103,1254,397,1230,343,1279,452,0.6405445337295532
103,716,245,675,175,758,315,0.5594329237937927
103,637,267,596,191,678,344,0.4869769215583801
103,721,381,668,276,775,487,0.4852452874183655
103,793,276,755,194,831,358,0.46871834993362427
103,563,677,499,635,627,720,0.45295700430870056
103,525,316,491,244,560,389,0.4027408957481384
104,717,586,646,454,788,719,0.7869900465011597
104,555,527,494,398,616,657,0.7868320345878601
104,612,421,561,301,664,542,0.7497550249099731
104,476,411,424,271,528,552,0.7258967757225037
104,790,469,737,359,844,579,0.7148672342300415
104,716,244,676,176,757,313,0.6527901291847229
104,94,434,65,371,124,498,0.6509413719177246
104,1255,398,1231,343,1279,454,0.6431199908256531
104,793,280,754,198,832,362,0.5662766695022583
104,720,387,666,277,775,498,0.55898118019104
104,636,270,594,192,679,349,0.5117460489273071
104,562,682,503,644,622,720,0.4749218821525574
104,526,317,491,238,562,396,0.3831387460231781
105,612,428,560,304,664,552,0.7938847541809082
105,719,588,646,457,792,719,0.7817842960357666
105,548,533,481,403,615,664,0.7641993165016174
105,94,432,62,371,126,494,0.7487592697143555
105,475,397,424,271,526,524,0.7181697487831116
105,794,471,744,364,844,579,0.6926995515823364
105,1255,399,1231,344,1279,455,0.6830191016197205
105,716,243,676,177,757,310,0.6545891165733337
105,720,390,666,280,775,501,0.5396840572357178
105,793,279,754,198,832,361,0.5085998773574829
105,635,271,591,192,679,351,0.5052277445793152
105,527,323,491,243,563,404,0.4782700538635254
105,561,686,505,654,618,719,0.3848114311695099
106,612,436,561,307,664,565,0.8163337707519531
106,722,588,648,460,796,717,0.7908932566642761
106,475,400,425,273,526,527,0.7636713981628418
106,544,544,476,408,613,680,0.7584469318389893
106,792,472,740,367,844,577,0.7268905639648438
106,94,435,59,372,130,498,0.6950554251670837
106,1255,400,1232,345,1279,455,0.6335418820381165
106,716,245,676,179,756,312,0.6004146337509155
106,719,395,666,284,772,506,0.524414598941803
106,526,328,489,245,563,412,0.4885615110397339
106,634,258,592,193,676,324,0.4553491473197937
106,558,691,509,664,607,719,0.42975914478302
106,790,277,752,200,828,354,0.4234035313129425
107,95,437,56,373,134,501,0.8130084276199341
107,612,440,561,310,664,570,0.8125950694084167
107,475,408,424,274,527,543,0.7961752414703369
107,721,589,644,462,798,716,0.7766189575195312
107,545,555,477,416,614,695,0.7713419198989868
107,789,474,734,367,845,582,0.659601628780365
107,1255,400,1232,346,1279,454,0.5971863865852356
107,720,394,667,285,774,504,0.5548038482666016
107,785,275,749,201,822,350,0.48687776923179626
107,633,259,591,193,675,325,0.4337420165538788
107,527,327,491,237,563,418,0.4312230050563812
107,558,697,510,675,607,719,0.3578408360481262
108,90,437,47,372,134,502,0.8613919019699097
108,612,446,561,315,663,578,0.8159487843513489
108,545,566,476,422,614,710,0.79738849401474
108,476,417,424,276,528,558,0.782483696937561
108,714,590,633,463,796,717,0.7779819965362549
108,1255,400,1232,346,1279,455,0.5970274209976196
108,719,400,667,290,771,510,0.5745161771774292
108,528,335,494,249,563,421,0.5252590775489807
108,783,287,746,204,821,370,0.5210666656494141
108,633,265,592,194,675,336,0.40988171100616455
109,84,438,35,372,134,504,0.8293855786323547
109,541,570,472,422,611,719,0.8217447400093079
109,717,591,634,465,801,717,0.778723418712616
109,477,425,424,279,530,571,0.7591162919998169
109,611,456,560,318,663,595,0.7341907620429993
109,1255,400,1231,345,1279,456,0.5792917013168335
109,531,336,497,251,565,422,0.5582382082939148
109,720,405,668,294,772,516,0.5524118542671204
109,633,274,589,195,677,353,0.424540638923645
109,793,521,735,372,851,671,0.4203519821166992
109,781,286,741,207,821,366,0.398922860622406
109,1141,237,1115,191,1167,284,0.3601951003074646
110,540,572,471,424,610,720,0.7958633303642273
110,477,430,424,282,531,579,0.7573647499084473
110,612,468,560,322,664,615,0.7551376223564148
110,722,593,644,469,801,717,0.7392035722732544
110,793,539,734,378,852,700,0.6454593539237976
110,79,439,25,374,133,505,0.617224931716919
110,532,339,497,252,567,426,0.587071418762207
110,1253,400,1229,345,1278,456,0.5014438629150391
110,778,292,738,206,818,379,0.5002159476280212
110,634,271,590,194,678,349,0.4980214238166809
110,1138,229,1110,174,1167,284,0.49725452065467834
110,717,414,663,298,771,530,0.47456496953964233
111,546,573,477,429,615,717,0.8076995611190796
111,613,469,562,326,665,613,0.750746488571167
111,721,595,642,473,800,717,0.7171148657798767
111,475,440,421,286,529,595,0.6977943778038025
111,798,545,735,381,861,709,0.6691815853118896
111,1252,401,1225,346,1279,456,0.611388087272644
111,532,341,497,253,568,430,0.5923117995262146
111,74,439,18,374,131,504,0.5599259734153748
111,776,294,736,206,816,383,0.5080411434173584
111,717,417,663,299,771,536,0.48793455958366394
111,634,272,588,195,680,350,0.4610186219215393
111,711,250,679,183,744,318,0.37049025297164917
112,547,576,472,433,623,719,0.8391324877738953
112,614,466,563,328,665,605,0.7501068711280823
112,725,598,648,479,803,717,0.7386059165000916
112,1248,401,1220,346,1276,456,0.7294288277626038
112,803,550,742,387,864,713,0.7059351801872253
112,474,441,420,286,528,597,0.700813889503479
112,772,295,730,205,815,386,0.570740818977356
112,719,420,665,301,774,539,0.5511085987091064
112,533,343,497,255,569,432,0.5095522999763489
112,634,270,588,195,681,346,0.4964505434036255
112,72,439,14,375,130,504,0.39425796270370483
112,710,258,678,195,742,321,0.366956502199173
113,546,578,464,438,628,718,0.8493900299072266
113,1247,401,1219,347,1276,456,0.7491512298583984
113,616,460,566,331,666,589,0.7270559668540955
113,725,602,650,485,800,719,0.7148547768592834
113,718,423,664,303,773,543,0.6906180381774902
113,474,450,418,289,530,611,0.6899091601371765
113,803,553,744,391,862,715,0.6793244481086731
113,771,296,727,205,815,388,0.5820132493972778
113,535,350,498,258,572,442,0.47165119647979736
113,634,272,587,197,682,348,0.46226105093955994
113,68,440,11,375,125,505,0.43500691652297974
113,155,404,135,348,176,461,0.3864523768424988
114,542,580,453,443,631,718,0.8426750898361206
114,1246,401,1218,347,1275,456,0.7439991235733032
114,719,605,634,492,805,719,0.7203854918479919
114,617,459,569,331,666,587,0.7096000909805298
114,718,426,663,305,774,547,0.6773625612258911
114,66,440,12,375,121,505,0.6617820858955383
114,804,556,744,397,865,716,0.6238412261009216
114,473,463,415,294,531,632,0.582007110118866
114,769,299,724,207,814,392,0.492810994386673
114,147,406,118,348,176,464,0.4887101352214813
114,135,406,94,349,177,463,0.4778352379798889
114,633,275,585,200,682,350,0.3699321448802948
115,539,584,448,452,631,717,0.8593392968177795
115,1244,401,1217,346,1272,456,0.7680371999740601
115,726,609,635,499,817,719,0.7630516290664673
115,620,460,572,332,668,588,0.7286732196807861
115,65,440,13,375,117,505,0.7180376648902893
115,719,428,664,306,775,550,0.7008709907531738
115,803,558,745,401,862,716,0.6413425803184509
115,470,467,413,296,528,639,0.5707669854164124
115,137,407,101,350,173,464,0.5456356406211853
115,767,302,720,207,814,397,0.4496970772743225
115,632,281,582,203,682,360,0.40639105439186096
115,1132,634,1080,553,1185,716,0.38130369782447815
116,537,588,446,459,629,718,0.8665077090263367
116,1244,401,1219,347,1270,456,0.766316831111908
116,724,614,633,509,816,719,0.7464252710342407
116,68,439,13,375,124,503,0.7388730645179749
116,720,426,664,307,776,546,0.7106872200965881
116,622,461,574,335,670,588,0.6928320527076721
116,467,432,412,296,522,569,0.6314759850502014
116,541,370,501,267,582,473,0.547058641910553
116,133,407,97,350,170,465,0.5049641728401184
116,632,286,584,205,680,368,0.4928855299949646
116,806,563,749,410,864,716,0.48031365871429443
116,764,307,717,208,812,406,0.3773384392261505
117,538,592,448,466,628,719,0.8547276258468628
117,1244,401,1219,348,1270,455,0.7654910683631897
117,69,439,14,376,125,503,0.7584285140037537
117,620,465,573,335,668,595,0.7201608419418335
117,724,617,635,515,814,719,0.7157462239265442
117,543,371,502,268,584,474,0.7101501822471619
117,720,427,664,309,776,545,0.6863633990287781
117,464,463,408,298,521,629,0.6305676698684692
117,809,564,750,415,869,713,0.5864814519882202
117,144,407,119,350,170,465,0.5419768691062927
117,632,285,585,208,680,363,0.4797605872154236
117,269,689,221,660,318,719,0.41709160804748535
117,764,310,716,208,813,412,0.3829432725906372
118,536,597,447,476,626,718,0.8286324143409729
118,62,438,15,376,109,500,0.8110818862915039
118,1245,401,1219,349,1271,454,0.7485132813453674
118,545,375,502,268,589,482,0.7469637989997864
118,726,621,637,524,816,718,0.6993801593780518
118,620,467,574,337,666,598,0.6824338436126709
118,461,458,404,299,519,618,0.6414217352867126
118,145,407,122,351,169,464,0.6252201199531555
118,721,428,666,312,777,544,0.6188544631004333
118,809,565,749,417,870,714,0.6058043241500854
118,631,286,584,210,679,363,0.4884659945964813
118,759,295,707,210,812,381,0.4030895531177521
119,539,602,452,485,627,720,0.8714562058448792
119,60,437,15,376,105,499,0.7946332693099976
119,1246,402,1219,349,1273,455,0.7373337149620056
119,727,625,637,532,818,719,0.7283381223678589
119,547,376,503,268,591,485,0.7254663705825806
119,144,406,121,351,168,462,0.6717708110809326
119,619,470,572,340,666,601,0.6710301041603088
119,459,452,402,301,516,604,0.6365224719047546
119,721,430,665,315,778,546,0.6310659050941467
119,812,567,752,421,873,714,0.5916945338249207
119,632,283,587,211,678,356,0.4361327886581421
119,757,297,707,213,808,381,0.37608230113983154
120,538,607,450,496,626,718,0.8509683012962341
120,60,437,19,376,102,498,0.7690967321395874
120,1248,403,1219,350,1277,457,0.7459437847137451
120,547,376,503,268,592,484,0.7215465903282166
120,457,455,401,303,514,607,0.7201845049858093
120,734,627,642,535,826,719,0.7078461050987244
120,143,407,120,352,167,463,0.7017024159431458
120,617,473,567,341,667,605,0.6536361575126648
120,721,437,665,317,777,558,0.6445868611335754
120,814,563,754,423,875,704,0.5986849069595337
120,632,287,585,211,680,364,0.482561856508255
120,755,301,705,214,806,389,0.43888306617736816
121,538,611,450,503,626,719,0.85390704870224
121,61,436,22,376,100,497,0.7931163311004639
121,456,449,401,302,512,596,0.7629216909408569
121,141,410,119,353,163,468,0.7611879110336304
121,550,378,505,269,595,488,0.7514898180961609
121,1248,405,1219,351,1278,459,0.7494149804115295
121,733,630,642,542,825,719,0.6933403015136719
121,617,476,568,345,667,608,0.686589777469635
121,815,565,754,425,876,706,0.6740996837615967
121,723,441,665,321,782,561,0.6391805410385132
121,630,290,584,210,677,370,0.5138179063796997
121,753,303,700,219,806,387,0.4800179898738861
122,539,614,451,509,627,720,0.8557246327400208
122,1250,407,1221,352,1279,462,0.7898836135864258
122,552,381,506,270,598,492,0.7815717458724976
122,65,436,31,375,99,498,0.7791283130645752
122,457,451,401,303,513,600,0.7681480050086975
122,137,412,114,354,161,471,0.748509407043457
122,616,479,565,349,668,610,0.7230234742164612
122,724,449,664,327,785,571,0.6725594401359558
122,735,633,643,547,827,719,0.6657484769821167
122,816,566,754,429,878,704,0.6388526558876038
122,631,294,585,210,677,379,0.6107302308082581
122,756,303,706,221,806,385,0.5682013034820557
122,699,286,667,193,732,379,0.41781771183013916
123,538,617,450,514,627,720,0.8357861042022705
123,455,451,398,305,512,597,0.8048099279403687
123,555,389,508,270,602,508,0.8027447462081909
123,135,413,110,353,160,473,0.7911309003829956
123,67,436,36,375,99,497,0.7818711996078491
123,612,481,557,354,667,608,0.7239490151405334
123,817,571,754,431,880,711,0.7167951464653015
123,1250,407,1221,353,1279,462,0.7058663368225098
123,725,450,664,330,787,570,0.6526201963424683
123,738,634,649,551,827,718,0.6344583630561829
123,629,292,583,210,676,375,0.594024121761322
123,754,302,703,222,806,383,0.5115264058113098
123,697,290,663,194,732,386,0.42409661412239075
123,495,260,460,158,531,363,0.4207437038421631
124,133,415,108,355,159,475,0.8353112936019897
124,557,395,509,271,605,519,0.8331819772720337
124,537,618,451,516,624,720,0.8140206336975098
124,454,453,397,308,512,598,0.79796302318573
124,67,435,38,374,96,497,0.7880330085754395
124,616,482,564,358,668,607,0.7558407783508301
124,1250,409,1221,355,1279,463,0.7135790586471558
124,818,572,753,433,884,712,0.6973885893821716
124,738,637,651,556,826,718,0.6924573183059692
124,728,451,666,333,791,570,0.6389432549476624
124,494,262,457,159,532,365,0.5541261434555054
124,628,295,582,210,675,381,0.5481429100036621
124,754,306,702,224,807,389,0.5311620235443115
124,697,292,664,194,731,391,0.4307008385658264
124,1174,222,1146,173,1203,272,0.3793340027332306
125,558,399,509,273,608,525,0.8241159915924072
125,534,619,451,518,617,720,0.8124925494194031
125,134,416,109,356,160,476,0.8015663027763367
125,66,435,40,373,93,497,0.7966899275779724
125,731,457,667,338,795,576,0.7913808822631836
125,1250,410,1221,356,1279,464,0.7867478132247925
125,455,455,398,311,512,599,0.7767728567123413
125,612,484,558,362,667,607,0.7542563676834106
125,820,575,754,438,886,712,0.7144417762756348
125,738,640,651,562,825,718,0.6745935678482056
125,754,309,702,228,806,391,0.5472720861434937
125,631,304,585,212,677,396,0.4811394214630127
125,494,263,458,160,531,367,0.4565741717815399
125,201,694,150,670,253,719,0.4129776358604431
125,1170,221,1140,173,1201,270,0.4017786681652069
125,696,304,663,202,730,406,0.3937503695487976
126,732,462,667,340,797,584,0.8141176700592041
126,611,487,556,365,666,609,0.8063170313835144
126,559,404,509,277,609,532,0.8057243227958679
126,531,621,448,522,615,720,0.7987799644470215
126,455,457,398,313,512,602,0.792526364326477
126,126,418,97,357,155,479,0.788139283657074
126,65,434,41,374,89,495,0.7128667235374451
126,822,577,756,443,889,712,0.7069544792175293
126,1250,410,1221,356,1279,464,0.6478868126869202
126,738,643,650,567,826,719,0.6273438930511475
126,753,311,700,228,806,395,0.5738847851753235
126,633,310,586,217,680,404,0.44363701343536377
126,494,267,458,160,531,375,0.4208146333694458
126,194,695,142,670,246,720,0.3796350657939911
126,1167,221,1135,173,1200,269,0.3657402992248535
127,529,624,448,528,610,720,0.8154823780059814
127,610,489,555,369,666,609,0.8058039546012878
127,734,463,669,342,799,585,0.804345428943634
127,559,409,509,281,610,538,0.7914811372756958
127,454,460,397,316,512,604,0.7702682614326477
127,119,418,84,357,155,479,0.7279732823371887
127,1250,411,1222,358,1279,465,0.709191620349884
127,65,436,42,374,88,498,0.6995621919631958
127,754,310,701,229,807,392,0.6351419687271118
127,824,580,759,449,890,712,0.6292071342468262
127,739,645,651,570,827,720,0.5577560067176819
127,494,272,456,160,533,384,0.53891921043396
127,629,315,581,218,677,412,0.500403106212616
127,693,305,660,201,727,409,0.4325592517852783
127,560,245,525,190,596,301,0.3890572488307953
128,455,470,397,323,514,618,0.7975038290023804
128,734,468,670,344,799,592,0.784214973449707
128,607,495,550,372,664,619,0.7830519080162048
128,527,627,446,534,608,720,0.7602723836898804
128,559,405,509,284,610,526,0.7242153882980347
128,69,436,42,373,97,499,0.6752826571464539
128,1250,412,1222,359,1279,465,0.6411917209625244
128,121,418,93,358,149,479,0.6350401639938354
128,754,311,702,229,807,394,0.6205989718437195
128,494,274,453,160,535,389,0.5197612643241882
128,626,310,581,218,672,403,0.47280454635620117
128,737,651,651,583,823,719,0.4538484513759613
128,562,246,525,192,600,300,0.4338636100292206
128,1165,230,1135,193,1196,267,0.42203018069267273
128,183,694,130,670,236,718,0.407770037651062
128,691,289,658,202,725,376,0.39377716183662415
128,827,583,761,455,893,712,0.37504664063453674
129,734,472,669,345,800,599,0.8119904398918152
129,455,469,395,326,515,613,0.807684063911438
129,526,632,444,544,608,720,0.7633720636367798
129,605,500,548,377,663,623,0.7524323463439941
129,561,409,511,288,611,530,0.6866730451583862
129,755,313,703,229,808,398,0.6463711857795715
129,830,586,766,462,894,711,0.5666128993034363
129,739,656,654,594,824,719,0.5599415898323059
129,623,315,579,219,668,412,0.4919147789478302
129,92,430,44,365,141,495,0.4725399613380432
129,492,275,450,160,535,390,0.4302483797073364
129,177,694,125,670,230,718,0.41497933864593506
129,689,290,656,202,722,378,0.39505934715270996
129,1165,223,1135,178,1195,268,0.38708657026290894
129,71,434,43,371,99,498,0.3814406394958496
129,1251,412,1223,357,1279,468,0.3685523569583893
130,456,474,397,330,515,619,0.8025856018066406
130,734,477,668,346,800,608,0.7828637957572937
130,604,510,547,380,662,640,0.7293592095375061
130,525,637,443,554,607,720,0.7181342244148254
130,561,413,512,292,611,534,0.6915993094444275
130,757,314,704,229,810,399,0.6594845652580261
130,829,591,766,466,893,716,0.6081562638282776
130,93,429,44,364,142,495,0.5859333276748657
130,626,319,580,220,673,419,0.5467467308044434
130,743,660,662,601,825,719,0.5241448283195496
130,687,297,655,203,720,391,0.46942999958992004
130,173,694,121,670,225,719,0.4488646984100342
130,1253,412,1227,356,1279,469,0.3634851574897766
131,457,479,397,336,517,622,0.7977603673934937
131,733,481,667,348,800,614,0.7551755905151367
131,604,514,547,382,662,647,0.7303341627120972
131,522,642,441,565,604,720,0.7046345472335815
131,757,318,703,230,812,407,0.6237392425537109
131,827,593,762,472,893,715,0.6116141080856323
131,561,417,512,296,610,539,0.6104477643966675
131,122,421,102,361,142,482,0.5350836515426636
131,745,664,668,610,822,719,0.4987383186817169
131,75,428,44,368,106,489,0.48328539729118347
131,684,300,649,202,720,398,0.45099276304244995
131,491,276,455,166,527,386,0.43087881803512573
131,625,320,579,222,671,419,0.4172755777835846
131,168,694,117,670,220,719,0.3638719618320465
132,459,482,399,340,519,625,0.7677539587020874
132,733,489,668,350,799,629,0.7566294074058533
132,602,517,543,383,661,651,0.6983377933502197
132,518,648,436,577,600,720,0.6783596873283386
132,829,595,764,476,894,715,0.594931423664093
132,757,320,702,232,813,409,0.5833502411842346
132,561,407,513,297,610,518,0.5202241539955139
132,119,419,99,360,140,478,0.5094374418258667
132,623,322,578,223,668,421,0.49120453000068665
132,746,667,671,617,822,718,0.48171570897102356
132,682,304,647,203,718,405,0.46494364738464355
132,75,426,45,366,105,487,0.44623154401779175
132,490,287,459,190,522,385,0.3747360110282898
133,733,501,668,355,798,647,0.7678623795509338
133,460,486,400,342,520,630,0.7644023299217224
133,600,523,540,384,661,663,0.7126163840293884
133,515,652,432,585,598,719,0.6624542474746704
133,831,588,763,479,900,698,0.5904111266136169
133,121,421,102,361,140,482,0.5751388072967529
133,759,322,704,233,814,411,0.568264365196228
133,754,671,677,624,831,718,0.5308784246444702
133,623,324,578,226,668,423,0.5143691897392273
133,73,422,47,363,99,482,0.4920680522918701
133,562,390,512,298,613,483,0.4567409157752991
133,678,303,644,203,712,404,0.3962583839893341
134,460,481,401,343,520,619,0.7773613929748535
134,732,507,666,358,799,656,0.7508730292320251
134,601,527,542,387,661,668,0.7134092450141907
134,833,594,763,481,903,707,0.6809635758399963
134,514,657,428,595,600,719,0.6653767228126526
134,72,420,47,361,97,480,0.6306158304214478
134,123,421,104,361,142,482,0.61332106590271
134,759,322,704,234,814,411,0.5585843324661255
134,757,674,684,629,830,719,0.48587214946746826
134,481,274,440,161,523,388,0.45927414298057556
134,675,304,640,203,710,406,0.44199472665786743
134,561,386,512,300,611,473,0.3839171528816223
134,621,324,578,227,664,421,0.37867671251296997
135,835,597,763,484,907,710,0.779620885848999
135,462,481,401,345,523,617,0.7754573822021484
135,732,521,665,362,799,681,0.7465199828147888
135,602,526,545,390,659,662,0.7342888116836548
135,508,660,425,602,591,719,0.6622549295425415
135,71,421,47,360,96,482,0.6531115770339966
135,124,422,105,362,144,482,0.6356737613677979
135,760,324,706,234,814,414,0.5622780323028564
135,672,302,637,202,708,402,0.43526583909988403
135,762,676,689,634,836,718,0.4158443212509155
135,560,428,513,299,608,557,0.4151155352592468
135,479,275,440,161,518,389,0.40446123480796814
135,621,326,577,229,666,423,0.40227529406547546
135,560,253,529,202,591,305,0.3818947970867157
135,560,386,512,302,608,470,0.36337512731552124
136,837,601,767,487,908,715,0.771899402141571
136,602,527,545,390,660,665,0.7656692266464233
136,731,531,664,364,798,698,0.7632567882537842
136,463,482,402,348,525,617,0.758549153804779
136,123,423,102,363,145,484,0.7110538482666016
136,72,420,47,360,97,481,0.7042142748832703
136,502,664,422,610,582,719,0.632847785949707
136,760,324,705,234,816,414,0.5635648965835571
136,619,327,574,231,664,424,0.45405176281929016
136,671,303,635,202,707,405,0.4443095028400421
136,559,255,529,203,590,307,0.3828217387199402
136,560,390,512,301,609,479,0.35853514075279236
137,127,423,105,363,150,483,0.7927365899085999
137,464,485,402,350,526,621,0.7755972146987915
137,840,604,770,491,910,718,0.7702368497848511
137,602,535,544,393,660,677,0.7647116780281067
137,730,538,663,369,797,707,0.7337515950202942
137,71,421,47,360,96,482,0.7199138402938843
137,497,666,418,614,577,719,0.684371829032898
137,761,327,708,238,814,416,0.5874505639076233
137,668,308,632,202,705,414,0.5497825741767883
137,616,327,571,232,661,422,0.5237520337104797
137,559,256,529,205,589,308,0.41911259293556213
137,562,388,512,304,612,472,0.3935260474681854
137,1152,634,1062,550,1243,718,0.3842931389808655
138,842,606,772,496,912,717,0.8018553256988525
138,464,490,402,351,527,630,0.7846531867980957
138,728,545,661,374,796,716,0.7536789774894714
138,134,423,111,362,158,484,0.7504396438598633
138,603,543,546,397,661,690,0.7434572577476501
138,73,420,47,360,99,481,0.7302389144897461
138,495,668,415,617,575,719,0.6788963675498962
138,762,330,707,241,817,419,0.5883801579475403
138,667,311,629,202,706,420,0.5856421589851379
138,615,329,569,233,661,425,0.5249410271644592
138,1154,633,1062,549,1246,718,0.3941837251186371
138,556,256,528,205,585,308,0.3862447738647461
138,567,401,512,305,623,497,0.372150719165802
139,845,609,774,501,916,718,0.8333832025527954
139,464,493,400,354,529,632,0.8034804463386536
139,604,544,546,401,662,688,0.7362622618675232
139,727,540,660,380,795,701,0.7286660075187683
139,75,420,47,360,103,480,0.7248428463935852
139,144,423,118,362,171,484,0.6815903782844543
139,492,670,413,621,571,719,0.6709244847297668
139,761,332,706,242,817,422,0.6527233123779297
139,665,314,628,204,703,424,0.6031479239463806
139,612,330,564,235,660,426,0.5787468552589417
139,569,392,514,308,624,477,0.46696141362190247
139,1155,632,1064,547,1247,718,0.36638426780700684
140,849,613,777,509,921,717,0.8033077120780945
140,464,494,398,355,531,634,0.7897436618804932
140,76,420,47,359,106,481,0.7430369853973389
140,724,545,654,383,794,707,0.7153865098953247
140,149,423,121,363,177,484,0.6963750720024109
140,607,551,552,404,662,698,0.6835334897041321
140,488,672,410,626,567,719,0.6609179973602295
140,664,319,626,206,702,432,0.623032808303833
140,763,334,707,243,820,426,0.6175927519798279
140,609,330,562,235,657,425,0.5793688297271729
140,567,391,513,312,622,470,0.41463199257850647
140,1156,632,1064,546,1248,718,0.4059121906757355
141,465,498,399,358,531,638,0.8113775849342346
141,854,615,780,515,928,716,0.7849830389022827
141,77,420,47,360,107,480,0.7611813545227051
141,723,546,653,389,794,704,0.7492605447769165
141,605,551,548,409,663,693,0.7216957807540894
141,148,423,120,364,177,483,0.7044335007667542
141,486,674,410,629,562,719,0.672540009021759
141,763,338,708,245,818,431,0.6506286263465881
141,662,320,624,207,700,433,0.6065107583999634
141,607,329,560,236,654,423,0.5975781083106995
141,568,398,516,314,620,482,0.41241997480392456
141,1155,632,1061,546,1250,718,0.3793744742870331
142,464,502,398,360,530,645,0.8361902832984924
142,78,420,47,359,110,481,0.7836055755615234
142,856,619,783,521,929,717,0.7664965391159058
142,723,552,654,391,793,713,0.7544710040092468
142,608,549,550,416,666,682,0.6838282942771912
142,150,423,122,365,178,481,0.6475822329521179
142,484,677,411,634,557,720,0.6433292627334595
142,763,341,708,248,818,434,0.5908418297767639
142,607,329,557,237,657,422,0.5319942831993103
142,661,320,623,206,699,435,0.5190474987030029
142,570,400,517,316,624,485,0.5158000588417053
143,465,509,399,367,532,652,0.8256157040596008
143,859,624,788,529,930,719,0.7802410125732422
143,724,552,656,391,792,714,0.750653862953186
143,78,420,47,359,110,481,0.7465720772743225
143,607,555,549,421,666,690,0.640680193901062
143,763,348,710,251,817,445,0.6112027168273926
143,610,325,558,235,663,415,0.5730417370796204
143,481,680,414,641,548,720,0.5664489269256592
143,573,405,520,322,626,488,0.48848703503608704
143,660,320,621,206,700,435,0.47282886505126953
143,154,421,127,363,182,480,0.45953431725502014
144,465,517,399,372,532,663,0.8265290856361389
144,862,626,792,534,933,718,0.7780957221984863
144,78,419,47,359,109,480,0.7534677386283875
144,725,554,659,392,792,717,0.7413033246994019
144,607,559,547,424,668,695,0.6257107257843018
144,762,350,708,253,817,447,0.5884828567504883
144,605,328,555,237,655,420,0.5463277101516724
144,475,687,420,654,531,720,0.48452967405319214
144,574,409,523,328,626,490,0.4800398349761963
144,660,325,621,213,699,438,0.4761216342449188
144,154,420,131,361,178,480,0.3926936089992523
145,464,524,398,375,531,674,0.8380252718925476
145,76,418,47,358,106,479,0.81156986951828
145,867,628,794,537,940,719,0.7922579050064087
145,726,555,661,395,792,716,0.7667522430419922
145,607,563,545,426,669,701,0.6709405779838562
145,761,353,707,255,816,451,0.607620894908905
145,657,324,618,209,696,440,0.5901888012886047
145,601,325,552,238,650,412,0.5673328042030334
145,575,411,525,331,626,492,0.4730670154094696
145,468,692,417,666,520,719,0.3967542052268982
145,554,288,525,224,583,353,0.3848695158958435
146,464,532,398,384,531,681,0.846407949924469
146,75,419,48,358,103,481,0.8072449564933777
146,870,629,796,540,944,719,0.7965067028999329
146,727,557,661,396,793,719,0.7932154536247253
146,608,565,546,428,671,703,0.6853451132774353
146,761,356,707,256,815,457,0.6240665912628174
146,656,327,616,212,696,442,0.6105649471282959
146,577,412,527,333,628,491,0.4782087504863739
146,596,322,545,239,647,406,0.4630483090877533
146,465,698,416,677,515,719,0.35676437616348267
147,463,541,397,387,530,696,0.8417685031890869
147,76,421,47,359,105,484,0.8269715905189514
147,728,553,660,399,797,708,0.7954636216163635
147,873,630,797,543,949,718,0.7674039602279663
147,760,358,706,258,815,458,0.7153046131134033
147,656,329,617,215,696,444,0.6456340551376343
147,608,571,546,431,670,711,0.6021299958229065
147,599,319,551,241,647,398,0.5188648700714111
147,581,415,531,335,631,495,0.48624420166015625
147,556,298,524,223,588,373,0.3623202443122864
148,461,551,394,392,529,710,0.8460025787353516
148,732,557,663,402,802,712,0.8356111645698547
148,76,423,47,361,105,486,0.8238347172737122
148,759,358,704,259,814,458,0.7369227409362793
148,879,631,803,545,955,718,0.7333633303642273
148,608,566,546,432,670,700,0.6754684448242188
148,657,331,618,218,696,445,0.6311653852462769
148,585,418,534,336,636,501,0.5848223567008972
148,595,318,547,245,644,391,0.49444690346717834
148,555,298,522,221,589,375,0.35093724727630615
149,72,425,45,362,100,488,0.8316023349761963
149,459,555,392,396,527,714,0.8198415637016296
149,736,563,666,406,806,720,0.8156316876411438
149,878,632,806,547,951,718,0.6974259614944458
149,758,361,704,260,812,462,0.6770361661911011
149,608,566,542,434,675,699,0.6320269703865051
149,656,334,618,219,695,449,0.5936095714569092
149,588,420,537,337,640,504,0.5649804472923279
149,597,319,546,247,649,392,0.4451545476913452
150,70,425,42,361,99,490,0.8237984776496887
150,737,564,666,410,809,719,0.8122677803039551
150,455,558,386,399,525,718,0.8004992604255676
150,879,634,808,551,950,718,0.7110909819602966
150,656,340,618,219,695,461,0.6435937285423279
150,759,366,706,262,812,470,0.6286988854408264
150,609,571,543,436,675,707,0.5731897950172424
150,589,419,537,336,642,503,0.4934465289115906
150,596,319,546,250,647,389,0.47257035970687866
151,740,568,668,416,813,720,0.8191632032394409
151,452,560,382,401,522,720,0.7908747792243958
151,879,637,811,556,947,718,0.7020517587661743
151,610,578,546,438,674,718,0.6833011507987976
151,68,425,37,360,100,490,0.6777843832969666
151,656,344,616,220,697,468,0.6407490968704224
151,760,370,709,264,812,476,0.5923447012901306
151,596,325,546,252,647,398,0.5215800404548645
151,590,421,536,337,645,506,0.4368741810321808
152,448,561,378,402,519,720,0.8193754553794861
152,740,571,666,423,815,720,0.7885600328445435
152,605,580,538,442,672,719,0.7407951951026917
152,878,639,813,560,943,718,0.7049243450164795
152,597,326,546,254,648,399,0.6752613186836243
152,657,344,617,221,697,467,0.6326068043708801
152,761,374,710,265,813,484,0.5999518036842346
152,594,426,539,342,649,511,0.5962567925453186
152,65,421,33,355,97,487,0.5349361300468445
153,447,562,377,404,518,720,0.8308679461479187
153,741,573,667,430,816,716,0.7530472874641418
153,605,582,539,445,671,719,0.7214227318763733
153,761,378,711,267,812,489,0.6910595893859863
153,595,329,543,255,648,403,0.6788536310195923
153,878,640,815,565,942,716,0.6504395008087158
153,60,418,25,354,96,483,0.6260296702384949
153,655,337,617,221,693,454,0.6089631915092468
153,594,427,534,345,654,509,0.5635620355606079
153,448,297,424,222,472,372,0.3506668210029602
154,445,561,374,404,517,718,0.8338470458984375
154,604,584,538,450,671,719,0.7409495115280151
154,595,333,543,256,647,411,0.6814885139465332
154,763,389,712,269,814,510,0.6810750961303711
154,655,338,617,221,693,455,0.616109311580658
154,741,574,667,433,816,716,0.5938540101051331
154,879,643,816,572,942,715,0.5818203687667847
154,593,431,534,348,653,514,0.5719782710075378
154,52,417,10,355,95,480,0.443959504365921
154,446,297,421,223,472,371,0.4209938943386078
155,443,562,371,406,516,718,0.8470221161842346
155,604,586,539,454,670,719,0.749790370464325
155,765,395,715,271,815,520,0.6946093440055847
155,742,577,667,439,818,716,0.6676058769226074
155,655,340,617,223,693,458,0.6236581802368164
155,595,433,538,350,653,517,0.6121877431869507
155,593,338,540,256,647,421,0.5800217390060425
155,880,646,817,577,943,715,0.47410374879837036
155,448,297,424,224,472,371,0.38094067573547363
155,522,298,500,222,544,374,0.35453879833221436
155,714,299,676,190,752,409,0.35176461935043335
156,442,562,370,407,515,718,0.8631657361984253
156,743,579,665,442,822,717,0.7366333603858948
156,604,589,540,459,669,719,0.7276982069015503
156,766,394,717,273,816,516,0.672585666179657
156,655,341,616,225,694,458,0.6554198861122131
156,590,342,535,258,646,427,0.5806456208229065
156,592,437,536,354,649,521,0.5768718719482422
156,444,291,416,211,472,372,0.40733328461647034
156,520,298,497,223,543,374,0.3826940655708313
156,712,298,676,189,749,408,0.351197212934494
157,440,563,367,410,514,717,0.8536063432693481
157,746,580,665,444,827,717,0.794263482093811
157,603,591,539,464,668,718,0.7086190581321716
157,655,342,616,227,694,457,0.6545789241790771
157,768,390,720,278,816,503,0.6190342903137207
157,589,347,533,259,645,436,0.5958218574523926
157,591,442,537,358,646,526,0.5720802545547485
158,440,567,365,416,515,718,0.8879975080490112
158,747,582,665,447,830,717,0.8098731637001038
158,606,592,545,467,668,718,0.668793261051178
158,655,342,616,228,694,456,0.6619126200675964
158,771,390,723,284,819,497,0.6402544975280762
158,589,347,534,260,645,435,0.6217532753944397
158,592,448,536,362,648,535,0.561668872833252
158,34,401,0,342,69,461,0.3710322380065918
158,709,299,673,190,746,409,0.35343679785728455
159,440,570,366,421,515,719,0.8552043437957764
159,748,583,664,450,833,717,0.8257617354393005
159,774,398,725,285,823,511,0.6541551351547241
159,654,344,614,229,694,459,0.63007652759552
159,608,595,548,473,669,717,0.6245247721672058
159,588,351,530,260,646,442,0.6205597519874573
159,591,454,535,366,647,542,0.5539978742599487
159,1048,633,819,553,1277,713,0.39301857352256775
159,708,301,672,191,745,411,0.37566664814949036
160,440,572,365,424,515,720,0.8375444412231445
160,749,584,665,452,834,717,0.8086271286010742
160,599,598,533,479,666,717,0.6767014265060425
160,588,353,530,261,647,445,0.6622992157936096
160,652,344,614,229,691,460,0.6437132954597473
160,777,402,727,288,827,516,0.5883092284202576
160,894,667,821,616,968,719,0.5554390549659729
160,592,455,536,367,648,544,0.5391154885292053
160,706,302,671,193,742,412,0.38861164450645447
161,440,574,365,430,515,719,0.8517606258392334
161,751,585,668,454,835,716,0.7610520124435425
161,600,600,532,483,668,717,0.6977431774139404
161,589,354,532,263,646,446,0.6205514073371887
161,653,346,613,229,693,463,0.5734192728996277
161,591,458,534,373,649,544,0.5057684779167175
161,779,405,727,290,831,521,0.4929444491863251
161,704,299,668,186,740,412,0.4276759922504425
161,894,669,821,620,968,719,0.40629681944847107
161,604,358,563,257,646,459,0.39849191904067993
161,502,288,474,196,531,381,0.36490514874458313
161,590,513,532,374,649,652,0.35529598593711853
162,440,577,364,437,516,718,0.8614344596862793
162,752,587,669,458,836,717,0.7335354685783386
162,598,602,528,487,668,717,0.649987518787384
162,650,348,609,231,692,465,0.5931360721588135
162,591,458,533,376,649,541,0.5745042562484741
162,590,359,535,266,645,452,0.5732637643814087
162,894,671,821,625,967,718,0.47974851727485657
162,703,300,668,187,739,413,0.41533029079437256
162,783,408,729,290,837,526,0.3863150477409363
162,499,291,469,199,530,383,0.38177335262298584
162,29,407,0,359,59,456,0.3775368332862854
163,440,579,364,442,516,717,0.8651746511459351
163,594,603,523,490,666,717,0.750831127166748
163,752,589,671,462,834,716,0.7383280992507935
163,591,460,533,378,649,542,0.6484677791595459
163,648,344,606,233,691,455,0.5784009695053101
163,589,360,533,267,646,453,0.5780160427093506
163,783,409,731,291,836,528,0.47525158524513245
163,492,292,459,200,526,384,0.46473246812820435
163,894,673,823,629,966,718,0.4341922402381897
164,440,583,364,449,517,717,0.8482593297958374
164,751,592,670,467,833,718,0.7644386887550354
164,593,604,521,492,665,716,0.7035893797874451
164,589,460,529,379,650,542,0.658360481262207
164,588,361,531,269,646,454,0.5901659727096558
164,648,348,608,232,688,464,0.5870144367218018
164,786,413,733,292,839,534,0.5455260276794434
164,486,296,451,208,522,384,0.5051761269569397
164,894,676,825,634,964,718,0.37257298827171326
165,440,584,363,453,517,716,0.8606404066085815
165,751,594,670,471,833,718,0.7843347787857056
165,589,464,527,381,652,547,0.7148261666297913
165,585,365,525,275,646,455,0.6867514252662659
165,592,605,519,494,665,716,0.6773149371147156
165,645,350,603,234,688,466,0.6637040376663208
165,134,300,105,205,163,396,0.6205816268920898
165,785,417,731,294,840,541,0.6060838103294373
165,483,291,444,198,523,384,0.5393840670585632
165,895,678,828,639,963,718,0.36201366782188416
166,440,587,364,458,517,716,0.8607497811317444
166,750,596,669,476,831,717,0.7752261757850647
166,583,368,522,277,644,459,0.7686848044395447
166,590,468,526,381,655,555,0.7335705757141113
166,590,605,515,496,666,715,0.7322903275489807
166,643,351,601,235,685,467,0.6594082117080688
166,133,297,102,199,165,396,0.6355200409889221
166,785,417,730,295,841,540,0.6272006034851074
166,482,291,441,200,523,383,0.5847626328468323
166,696,305,659,192,733,418,0.38095301389694214
167,441,588,364,461,519,716,0.8399176597595215
167,582,371,520,280,645,463,0.745649516582489
167,132,297,100,198,165,396,0.7213486433029175
167,590,472,525,382,656,563,0.7200546860694885
167,749,601,667,483,831,719,0.703033447265625
167,590,607,515,498,666,716,0.6980280876159668
167,641,352,598,237,685,468,0.635646641254425
167,482,291,440,199,524,383,0.600496768951416
167,789,417,732,295,847,540,0.5705536007881165
167,691,301,656,190,727,412,0.38116347789764404
168,442,591,364,465,521,717,0.8109608292579651
168,579,373,519,283,640,463,0.7270526885986328
168,591,477,526,385,656,569,0.7241104245185852
168,591,608,518,500,664,717,0.7036169767379761
168,128,297,95,199,161,396,0.6756150722503662
168,753,603,677,488,829,718,0.6475546360015869
168,641,352,598,238,685,466,0.5984067320823669
168,789,417,729,295,849,540,0.5950057506561279
168,482,298,439,213,525,384,0.5384088158607483
169,442,593,364,468,521,719,0.7873724102973938
169,128,297,94,201,162,393,0.7449149489402771
169,591,480,525,388,657,572,0.7220149040222168
169,576,377,518,284,634,471,0.7220010757446289
169,591,611,519,505,664,717,0.6816380620002747
169,751,606,675,495,828,717,0.6753908395767212
169,789,419,729,297,849,541,0.6048715114593506
169,638,356,594,243,683,469,0.5838345289230347
169,480,290,437,196,523,385,0.39409637451171875
169,467,298,441,213,493,383,0.3609394431114197
170,442,594,364,472,521,717,0.8126024603843689
170,123,303,92,202,154,405,0.804594099521637
170,589,611,515,507,664,716,0.6941669583320618
170,592,483,523,393,662,573,0.6803000569343567
170,746,609,665,500,827,718,0.6770032644271851
170,573,382,515,286,632,478,0.6548230051994324
170,637,357,593,243,681,471,0.6268376111984253
170,794,425,733,301,855,550,0.6129607558250427
170,467,299,442,216,492,382,0.44429415464401245
171,443,596,364,475,522,717,0.816336989402771
171,121,297,90,201,153,393,0.7999207973480225
171,743,611,661,504,826,718,0.734417736530304
171,590,616,515,515,666,717,0.7191545963287354
171,591,483,522,394,660,572,0.6134446859359741
171,635,359,591,247,680,471,0.6037336587905884
171,789,431,729,302,850,561,0.5853576064109802
171,471,297,441,214,502,381,0.4581054449081421
171,567,383,512,288,623,478,0.44386667013168335
172,442,597,363,478,521,716,0.7976599335670471
172,120,301,88,202,152,401,0.7891307473182678
172,742,613,661,507,824,719,0.7562462091445923
172,589,618,514,518,665,719,0.7092629671096802
172,632,358,588,247,677,469,0.6118690967559814
172,594,488,527,398,662,579,0.6083643436431885
172,793,438,733,306,853,570,0.5909572243690491
172,563,391,508,293,618,489,0.5344628095626831
172,471,296,438,212,504,380,0.4626901149749756
173,442,600,362,482,523,718,0.7941192388534546
173,118,299,86,200,151,398,0.7927685976028442
173,741,614,660,511,823,718,0.7458064556121826
173,591,620,517,523,665,718,0.7338064908981323
173,631,358,587,248,676,468,0.6383131742477417
173,593,493,525,403,661,583,0.5539458990097046
173,794,440,733,311,856,570,0.5536493062973022
173,463,291,434,198,493,384,0.4588247239589691
173,560,391,504,292,617,491,0.42215660214424133
174,443,602,360,486,527,718,0.8056166768074036
174,116,298,83,203,149,394,0.7646759748458862
174,740,616,658,514,822,719,0.7372581958770752
174,592,624,520,530,665,718,0.6560875177383423
174,630,359,586,248,675,471,0.6403228044509888
174,795,445,735,315,856,576,0.6273107528686523
174,594,498,527,407,662,589,0.5528624653816223
174,460,290,428,197,492,383,0.47975584864616394
174,556,393,498,296,615,491,0.4570585787296295
175,443,606,359,493,527,719,0.8181737661361694
175,115,297,80,201,150,394,0.7567845582962036
175,743,618,664,516,822,720,0.7211695313453674
175,798,446,736,315,861,578,0.65688157081604
175,629,362,583,248,676,477,0.6563639044761658
175,594,504,528,411,661,597,0.5864889025688171
175,593,626,520,535,666,718,0.5505903363227844
175,551,394,493,297,609,492,0.47862476110458374
175,453,291,424,197,483,385,0.4120129644870758
176,442,609,357,499,527,719,0.8268716335296631
176,112,298,76,202,148,395,0.7842482328414917
176,738,620,657,521,820,719,0.6962073445320129
176,798,451,736,321,860,581,0.6586236953735352
176,628,365,581,249,676,482,0.6246486902236938
176,592,630,521,541,664,719,0.5185059905052185
176,594,507,527,416,662,598,0.4992332458496094
176,546,400,487,298,605,502,0.4849536418914795
176,447,298,422,212,472,385,0.3615604639053345
177,110,297,73,200,148,394,0.8131077885627747
177,441,613,355,507,527,719,0.8098115921020508
177,743,622,665,525,822,719,0.6823842525482178
177,627,369,579,251,675,488,0.6415228247642517
177,799,454,738,325,861,584,0.6139583587646484
177,596,511,530,420,663,603,0.6087158918380737
177,541,405,484,301,599,510,0.5916147828102112
177,1126,234,1099,167,1154,302,0.5177602171897888
177,595,633,522,547,669,719,0.509647011756897
177,13,221,0,162,26,281,0.48586034774780273
178,109,296,71,201,147,392,0.8163515329360962
178,440,615,353,513,527,718,0.8017718195915222
178,743,624,662,529,825,719,0.6853716969490051
178,800,458,738,329,862,588,0.6624502539634705
178,535,414,476,302,595,527,0.6475121974945068
178,626,373,578,251,675,495,0.6130706667900085
178,597,515,531,425,663,606,0.6115213632583618
178,1131,235,1099,168,1163,302,0.5927429795265198
178,18,223,0,162,36,285,0.5543959736824036
178,595,635,523,551,668,719,0.4410973787307739
179,438,619,351,519,526,720,0.823171079158783
179,106,295,66,202,146,389,0.8153590559959412
179,745,626,661,533,830,720,0.6943065524101257
179,598,518,532,429,664,607,0.6702845096588135
179,805,460,738,331,872,589,0.6494710445404053
179,531,418,470,305,593,531,0.6290891170501709
179,628,372,577,251,680,494,0.5789320468902588
179,1134,236,1100,169,1169,304,0.5454055666923523
179,23,223,0,163,46,283,0.4707508087158203
179,594,637,521,555,668,720,0.4627310037612915
179,746,358,684,241,808,476,0.4107270836830139
179,548,258,509,209,588,307,0.4102376401424408
180,436,622,349,525,523,720,0.8338733911514282
180,102,294,61,201,143,387,0.8285635709762573
180,746,628,656,536,836,720,0.7112807631492615
180,805,464,738,333,872,596,0.6669938564300537
180,597,519,531,430,664,609,0.6515998840332031
180,529,417,469,307,590,527,0.6036979556083679
180,625,374,577,254,673,494,0.582127034664154
180,1135,237,1100,171,1171,303,0.5185732841491699
180,593,639,519,559,668,719,0.511408269405365
180,548,260,507,211,590,310,0.3958502411842346
180,672,326,634,203,711,450,0.3848002254962921
181,96,292,51,197,142,387,0.8291807770729065
181,434,624,348,530,521,719,0.8136056065559387
181,748,630,657,541,840,720,0.701591432094574
181,804,466,738,334,871,598,0.65562903881073
181,623,373,575,254,672,493,0.6018008589744568
181,598,522,531,432,666,612,0.5519208908081055
181,593,640,518,562,669,719,0.5323419570922852
181,522,457,460,309,585,605,0.5313111543655396
181,671,328,632,203,710,454,0.4520987272262573
181,1137,236,1100,171,1174,302,0.3824617564678192
181,523,412,461,309,585,515,0.35540178418159485
182,95,291,51,195,140,387,0.8642536997795105
182,433,626,347,534,520,719,0.8001136779785156
182,746,632,650,544,842,720,0.7084680795669556
182,806,472,738,335,874,610,0.6269128322601318
182,596,528,527,435,665,622,0.5665057301521301
182,623,375,572,255,675,495,0.5318386554718018
182,591,642,516,565,666,719,0.5201476216316223
182,516,457,451,316,582,598,0.3853178322315216
182,1139,236,1100,171,1178,302,0.355701208114624
183,92,290,49,193,136,387,0.8626346588134766
183,431,628,345,538,517,719,0.7996538281440735
183,755,635,667,550,844,720,0.5961066484451294
183,589,644,513,569,665,719,0.5478370785713196
183,623,376,573,258,673,494,0.5353473424911499
183,604,528,541,437,667,619,0.4790336787700653
183,514,465,450,320,579,610,0.4784126579761505
183,807,472,740,337,874,607,0.4738321602344513
183,1161,633,1075,549,1247,717,0.35032081604003906
184,88,290,45,193,132,388,0.8176900744438171
184,429,630,344,542,515,719,0.7818947434425354
184,515,469,454,324,576,615,0.6105926632881165
184,759,638,673,556,846,720,0.5334155559539795
184,623,376,574,260,672,492,0.49453893303871155
184,603,531,541,438,665,625,0.47873520851135254
184,807,478,742,339,872,618,0.4461454451084137
184,589,645,512,572,666,718,0.3918900191783905
184,1143,236,1105,170,1182,302,0.3547317385673523
185,84,287,41,191,128,384,0.8024467825889587
185,428,632,343,546,514,719,0.7796251177787781
185,623,377,574,262,672,493,0.5913862586021423
185,605,534,545,440,665,629,0.5721676349639893
185,806,487,740,341,873,633,0.49960482120513916
185,760,641,675,562,846,720,0.4842222332954407
185,520,469,468,329,572,610,0.43085044622421265
185,460,230,430,134,491,326,0.4115654230117798
185,1162,632,1076,547,1249,717,0.3637724220752716
185,587,649,510,580,664,719,0.35206204652786255
186,82,287,41,190,123,385,0.8074053525924683
186,428,634,343,549,514,719,0.7864248156547546
186,808,498,742,347,874,649,0.6040343642234802
186,604,537,543,443,666,632,0.5892515182495117
186,623,378,573,263,674,494,0.5547564625740051
186,513,470,457,332,569,609,0.4667131006717682
186,758,643,672,566,845,720,0.44512781500816345
186,462,231,434,135,491,327,0.37980902194976807
186,586,652,509,585,663,720,0.3700501322746277
187,428,635,343,552,514,719,0.8043203949928284
187,77,287,38,190,117,384,0.799947202205658
187,504,473,443,333,565,613,0.6746995449066162
187,623,379,571,264,675,495,0.6617807149887085
187,601,542,536,447,667,637,0.6604098081588745
187,809,504,745,349,874,659,0.6163268685340881
187,761,646,678,573,844,720,0.4745062589645386
187,466,226,437,129,496,324,0.4584965109825134
187,587,654,511,589,664,720,0.4342208206653595
187,527,270,480,214,575,326,0.4018498659133911
187,1162,632,1071,545,1253,719,0.3820785582065582
188,427,638,342,556,513,720,0.8127419352531433
188,73,285,34,190,112,380,0.777459442615509
188,499,474,437,335,562,613,0.7299339175224304
188,812,509,748,352,876,666,0.7034309506416321
188,602,546,537,452,667,641,0.6393520832061768
188,624,384,573,264,675,504,0.6306667327880859
188,762,371,701,251,824,492,0.5017240643501282
188,759,649,679,578,840,720,0.4523075520992279
188,588,657,511,596,666,719,0.41468101739883423
188,524,267,480,213,569,322,0.3977581262588501
188,1162,631,1068,546,1256,717,0.38843128085136414
188,468,226,439,129,498,324,0.3760022819042206
188,525,349,487,286,563,412,0.3745938539505005
189,427,641,341,562,513,720,0.8102306723594666
189,66,286,27,191,106,381,0.7815890908241272
189,496,485,432,338,560,633,0.7299214601516724
189,813,511,750,355,876,668,0.7030869722366333
189,601,550,536,456,667,645,0.6986029744148254
189,625,385,575,265,675,505,0.6259074211120605
189,764,378,704,253,825,504,0.5637057423591614
189,522,351,484,288,561,415,0.45922601222991943
189,591,659,512,600,670,719,0.441921591758728
189,759,650,684,581,835,720,0.4284247159957886
189,1106,238,1084,174,1129,302,0.42695170640945435
189,524,269,479,214,570,325,0.36360621452331543
190,66,285,28,191,104,380,0.8170931935310364
190,427,643,341,567,513,719,0.7921113967895508
190,814,517,752,360,876,675,0.7408704161643982
190,490,488,422,340,558,636,0.6877517104148865
190,601,553,536,460,667,647,0.6554757356643677
190,625,386,574,265,677,508,0.6087947487831116
190,765,379,705,255,826,504,0.5883404612541199
190,1109,235,1082,168,1137,302,0.5860937237739563
190,131,288,102,209,160,367,0.4805193543434143
190,517,352,478,292,557,413,0.47236907482147217
190,1165,634,1070,550,1261,718,0.387825071811676
190,757,653,684,586,830,720,0.38511207699775696
190,522,273,476,214,568,333,0.3778479993343353
190,588,662,513,605,664,719,0.37611639499664307
190,587,252,547,185,628,320,0.362141489982605
191,65,285,29,191,102,380,0.8159166574478149
191,425,647,341,576,509,719,0.7457535862922668
191,490,489,426,341,554,637,0.7233622074127197
191,816,526,754,362,878,690,0.7010670304298401
191,626,380,576,267,677,493,0.689579427242279
191,602,563,536,468,669,658,0.678290843963623
191,132,287,102,207,162,368,0.5373895168304443
191,764,390,704,259,825,522,0.5318515300750732
191,585,258,544,186,626,330,0.42493492364883423
191,585,666,513,613,658,719,0.39911630749702454
191,518,356,478,294,558,418,0.3927949070930481
191,758,655,689,592,828,719,0.3740338087081909
191,1113,238,1084,174,1143,302,0.3713194727897644
191,1165,635,1066,554,1264,717,0.36567777395248413
